observation_id,score_sheet_id,observed_at,observer_name,rectal_temperature,body_weight,appetite,energy,dehydration,vomiting,feces,nasal_discharge_l,nasal_discharge_r,lacrimation_l,lacrimation_r,eye_discharge_l,eye_discharge_r,conjunctivitis_l,conjunctivitis_r,coughing,sneezing,respiratory_abnormal,remarks,created_at,created_by
54df42dd-e43d-45ce-b576-b1aef491e429,5f001246-b8ae-4f98-a9d7-20a29b10dd34,2025-09-01 9:00:00,山本,38.5,9.76,0,0,0,0,0,0,0,0,0,0,0,0,0,0,0,0,,2025-09-01 9:00:00,山本
79473860-73ce-4b2c-b371-2b7758a6fa81,5f001246-b8ae-4f98-a9d7-20a29b10dd34,2025-09-02 10:30:00,佐藤,38.7,9.76,0,0,0,0,0,0,0,0,0,0,0,0,0,0,0,0,,2025-09-02 10:30:00,佐藤
3fe8caf9-38b8-48f8-9ce7-144ce700050a,5f001246-b8ae-4f98-a9d7-20a29b10dd34,2025-09-03 9:00:00,鈴木,38.8,9.66,0,0,0,0,0,0,0,0,0,0,0,0,0,0,0,0,,2025-09-03 9:00:00,鈴木
ed06f44a-eb02-4831-ac84-df82c6dce946,5f001246-b8ae-4f98-a9d7-20a29b10dd34,2025-09-04 10:45:00,鈴木,38.9,9.52,0,1,0,0,0,0,0,0,0,0,0,0,0,0,0,0,,2025-09-04 10:45:00,鈴木
e8545eb5-8a56-4521-bb96-3e06abf964fa,5f001246-b8ae-4f98-a9d7-20a29b10dd34,2025-09-05 9:30:00,犬山,38.8,9.6,0,0,0,0,0,0,0,0,0,0,0,0,0,0,0,0,,2025-09-05 9:30:00,犬山
202a3028-7389-4f91-a346-914c20a6a405,5f001246-b8ae-4f98-a9d7-20a29b10dd34,2025-09-06 10:30:00,犬山,38.8,9.57,0,0,0,0,0,0,0,0,0,0,0,0,0,0,0,0,,2025-09-06 10:30:00,犬山
eb8030a4-53fe-4e3c-adc2-9086a32de428,5f001246-b8ae-4f98-a9d7-20a29b10dd34,2025-09-07 9:00:00,田中,38.7,9.62,0,0,0,0,0,0,0,0,0,0,0,0,0,0,0,0,,2025-09-07 9:00:00,田中
60d71308-d1ae-40ff-a3ce-b430e7a12f90,5f001246-b8ae-4f98-a9d7-20a29b10dd34,2025-09-08 10:00:00,佐藤,38.7,9.74,0,0,0,0,0,0,0,0,0,0,0,0,0,0,0,0,,2025-09-08 10:00:00,佐藤
b33fa1c2-30c5-4a04-a389-9e3b0ca6f803,5f001246-b8ae-4f98-a9d7-20a29b10dd34,2025-09-09 10:45:00,鈴木,38.6,9.67,0,0,0,0,0,0,0,0,0,0,0,0,0,0,0,0,,2025-09-09 10:45:00,鈴木
8f931e83-b067-4e69-b16c-dcc9241e754f,5f001246-b8ae-4f98-a9d7-20a29b10dd34,2025-09-10 9:45:00,田中,38.5,9.71,0,0,0,0,0,0,0,0,0,0,0,0,0,0,0,0,,2025-09-10 9:45:00,田中
60ef9886-27da-4864-95c0-76b627785579,5f001246-b8ae-4f98-a9d7-20a29b10dd34,2025-09-11 9:15:00,山本,38.5,9.7,0,0,0,0,0,0,0,0,0,0,0,0,0,0,0,0,,2025-09-11 9:15:00,山本
7ab9c999-3efd-495e-8258-ade5f54a26b1,5f001246-b8ae-4f98-a9d7-20a29b10dd34,2025-09-12 10:15:00,鈴木,38.6,9.74,0,0,0,0,0,0,0,0,0,0,0,0,0,0,0,0,,2025-09-12 10:15:00,鈴木
518cd65e-1ed8-48bc-bb49-ffcd02b393cc,5f001246-b8ae-4f98-a9d7-20a29b10dd34,2025-09-13 9:00:00,犬山,38.5,9.69,0,0,0,0,0,0,0,0,0,0,0,0,0,0,0,0,,2025-09-13 9:00:00,犬山
8c72ac54-ebd9-4f44-975d-67ca4a6eb732,5f001246-b8ae-4f98-a9d7-20a29b10dd34,2025-09-14 9:00:00,田中,38.4,9.69,0,0,0,0,0,0,0,0,0,0,0,0,0,0,0,0,,2025-09-14 9:00:00,田中
1f4f45f8-53c8-4300-9295-fb4ce40bbf04,d4eea012-cc70-475b-95c3-3b9c15df96dd,2025-09-01 9:30:00,鈴木,38.4,12.12,0,0,0,0,0,0,0,0,0,0,0,0,0,0,0,0,,2025-09-01 9:30:00,鈴木
4d8f59de-320f-44e7-b9d6-495b49a21b3c,d4eea012-cc70-475b-95c3-3b9c15df96dd,2025-09-02 10:00:00,佐藤,38.5,12.11,0,0,0,0,0,0,0,0,0,0,0,0,0,0,0,0,,2025-09-02 10:00:00,佐藤
c689addc-e48a-4ed3-bcd4-7867cd70ef8f,d4eea012-cc70-475b-95c3-3b9c15df96dd,2025-09-03 9:30:00,田中,38.9,11.84,1,0,0,0,0,0,0,0,0,0,0,0,0,0,0,0,,2025-09-03 9:30:00,田中
ca3f5ff8-4657-4e0b-8bd6-707a3a5f6f4e,d4eea012-cc70-475b-95c3-3b9c15df96dd,2025-09-04 10:15:00,鈴木,38.7,11.94,1,0,0,0,0,0,0,0,0,0,0,0,0,0,0,0,,2025-09-04 10:15:00,鈴木
e3b3f274-d035-4e5f-a623-210d00eb94ad,d4eea012-cc70-475b-95c3-3b9c15df96dd,2025-09-05 10:15:00,佐藤,38.9,11.67,1,0,0,0,1,0,0,0,0,0,1,0,0,0,0,0,,2025-09-05 10:15:00,佐藤
65bb73e0-ca71-4057-a7a7-c2bb4ae523ab,d4eea012-cc70-475b-95c3-3b9c15df96dd,2025-09-06 9:00:00,佐藤,38.7,11.8,0,1,0,0,0,0,1,0,0,0,0,0,0,0,0,0,,2025-09-06 9:00:00,佐藤
eb43b356-3e1d-4670-81a8-3e8a320fae8e,d4eea012-cc70-475b-95c3-3b9c15df96dd,2025-09-07 10:30:00,鈴木,38.6,11.91,0,0,0,0,0,0,0,0,0,0,0,0,0,0,0,0,,2025-09-07 10:30:00,鈴木
f8db3ed2-bb51-4c90-9ac9-6fe37ea2ba73,d4eea012-cc70-475b-95c3-3b9c15df96dd,2025-09-08 9:30:00,鈴木,38.5,12.09,0,0,0,0,0,0,0,0,0,0,0,0,0,0,0,0,,2025-09-08 9:30:00,鈴木
c6a86467-5391-47cc-9f79-47e9f85a60d6,d4eea012-cc70-475b-95c3-3b9c15df96dd,2025-09-09 10:45:00,鈴木,38.5,11.95,0,0,0,0,0,0,0,0,0,0,0,0,0,0,0,0,,2025-09-09 10:45:00,鈴木
6761aa02-b297-492e-8ff7-c466149991a7,d4eea012-cc70-475b-95c3-3b9c15df96dd,2025-09-10 10:30:00,犬山,38.4,12.02,0,0,0,0,0,0,0,0,0,0,0,0,0,0,0,0,,2025-09-10 10:30:00,犬山
c7fa0829-0624-477c-a466-35f85f1b9ee0,d4eea012-cc70-475b-95c3-3b9c15df96dd,2025-09-11 10:15:00,鈴木,38.4,12.12,0,0,0,0,0,0,0,0,0,0,0,0,0,0,0,0,,2025-09-11 10:15:00,鈴木
c2cb2125-8f0c-498d-930c-3b60a057db27,d4eea012-cc70-475b-95c3-3b9c15df96dd,2025-09-12 10:45:00,犬山,38.3,11.99,0,0,0,0,0,0,0,0,0,0,0,0,0,0,0,0,,2025-09-12 10:45:00,犬山
40375539-4b3a-4387-95ef-690864f869c5,d4eea012-cc70-475b-95c3-3b9c15df96dd,2025-09-13 9:45:00,田中,38.5,12.09,0,0,0,0,0,0,0,0,0,0,0,0,0,0,0,0,,2025-09-13 9:45:00,田中
66644124-be03-493b-a4f6-1834ab9774f7,d4eea012-cc70-475b-95c3-3b9c15df96dd,2025-09-14 9:45:00,佐藤,38.5,12.1,0,0,0,0,0,0,0,0,0,0,0,0,0,0,0,0,,2025-09-14 9:45:00,佐藤
06c1ae44-8086-4454-9754-14b491769c9b,ffa5105f-1bfe-4d3b-9afc-abcc02380f77,2025-09-01 9:15:00,犬山,38.4,10.61,0,0,0,0,0,0,0,0,0,0,0,0,0,0,0,0,,2025-09-01 9:15:00,犬山
c154a569-e1be-4948-b120-34300a0ef8b1,ffa5105f-1bfe-4d3b-9afc-abcc02380f77,2025-09-02 9:30:00,田中,38.4,10.64,0,0,0,0,0,0,0,0,0,0,0,0,0,0,0,0,,2025-09-02 9:30:00,田中
d4b25508-6e3e-4010-b7ce-4dd7cb47ae04,ffa5105f-1bfe-4d3b-9afc-abcc02380f77,2025-09-03 10:45:00,犬山,39.0,10.32,1,0,0,0,0,0,0,0,0,0,0,0,0,0,0,0,,2025-09-03 10:45:00,犬山
9cb7a7d2-8606-48c4-b2bf-8f5831fac613,ffa5105f-1bfe-4d3b-9afc-abcc02380f77,2025-09-04 10:30:00,山本,39.2,10.18,1,1,1,0,0,1,2,1,1,0,0,1,1,0,0,0,,2025-09-04 10:30:00,山本
0cb33917-444f-4d73-8373-efad5aa8562c,ffa5105f-1bfe-4d3b-9afc-abcc02380f77,2025-09-05 10:30:00,鈴木,39.2,10.26,0,1,1,0,1,1,2,1,1,0,0,1,1,0,0,0,,2025-09-05 10:30:00,鈴木
b4b8f3b8-b06d-4dc5-a0e3-cbc104a7408a,ffa5105f-1bfe-4d3b-9afc-abcc02380f77,2025-09-06 9:45:00,佐藤,39.0,10.37,1,0,0,0,0,1,1,0,0,0,0,1,1,0,0,0,,2025-09-06 9:45:00,佐藤
0c3c1ccd-29ea-472d-a299-b792a40fc0b1,ffa5105f-1bfe-4d3b-9afc-abcc02380f77,2025-09-07 9:45:00,犬山,39.1,10.37,0,0,0,0,0,0,0,0,0,0,0,0,0,0,0,0,,2025-09-07 9:45:00,犬山
705e1266-c994-422c-9547-138cc42d34e1,ffa5105f-1bfe-4d3b-9afc-abcc02380f77,2025-09-08 9:30:00,山本,38.6,10.48,0,0,0,0,0,0,0,0,0,0,0,0,0,0,0,0,,2025-09-08 9:30:00,山本
09eafe5c-ff37-4637-b34d-e8470fedb401,ffa5105f-1bfe-4d3b-9afc-abcc02380f77,2025-09-09 10:45:00,山本,38.5,10.52,0,0,0,0,0,0,0,0,0,0,0,0,0,0,0,0,,2025-09-09 10:45:00,山本
7b71efaa-8b3a-4c5b-b1b0-c351d13e77fa,ffa5105f-1bfe-4d3b-9afc-abcc02380f77,2025-09-10 10:00:00,田中,38.7,10.5,0,0,0,0,0,0,0,0,0,0,0,0,0,0,0,0,,2025-09-10 10:00:00,田中
83c7d028-8abd-49bb-a84d-6ecc675c2406,ffa5105f-1bfe-4d3b-9afc-abcc02380f77,2025-09-11 10:00:00,鈴木,38.5,10.53,0,0,0,0,0,0,0,0,0,0,0,0,0,0,0,0,,2025-09-11 10:00:00,鈴木
6f37de80-f407-4bb0-aadf-f7c34c961125,ffa5105f-1bfe-4d3b-9afc-abcc02380f77,2025-09-12 9:30:00,犬山,38.3,10.63,0,0,0,0,0,0,0,0,0,0,0,0,0,0,0,0,,2025-09-12 9:30:00,犬山
d39ea286-b846-4974-962e-e19b641b788e,ffa5105f-1bfe-4d3b-9afc-abcc02380f77,2025-09-13 10:45:00,田中,38.4,10.55,0,0,0,0,0,0,0,0,0,0,0,0,0,0,0,0,,2025-09-13 10:45:00,田中
7f736c26-f405-40be-98af-60fd175ff19f,ffa5105f-1bfe-4d3b-9afc-abcc02380f77,2025-09-14 9:30:00,佐藤,38.4,10.58,0,0,0,0,0,0,0,0,0,0,0,0,0,0,0,0,,2025-09-14 9:30:00,佐藤
4f157e01-8294-471b-ad14-434c63e49fc3,8be25f1b-c838-4d81-b317-96770755e34e,2025-09-01 10:00:00,佐藤,38.7,7.58,0,0,0,0,0,0,0,0,0,0,0,0,0,0,0,0,,2025-09-01 10:00:00,佐藤
81c73cd6-1209-4b3f-b7e4-56885f064775,8be25f1b-c838-4d81-b317-96770755e34e,2025-09-02 9:30:00,佐藤,38.8,7.67,0,0,0,0,0,0,0,0,0,0,0,0,0,0,0,0,,2025-09-02 9:30:00,佐藤
11f9abdb-6269-4bbf-b972-d244afcb6032,8be25f1b-c838-4d81-b317-96770755e34e,2025-09-03 10:30:00,田中,38.7,7.58,0,0,0,0,0,0,0,0,0,0,0,0,0,0,0,0,,2025-09-03 10:30:00,田中
aed8b6d1-f0c9-4355-93e6-46ce72f01bfe,8be25f1b-c838-4d81-b317-96770755e34e,2025-09-04 9:45:00,鈴木,38.9,7.51,0,0,0,0,0,0,0,0,0,0,0,0,0,0,0,0,,2025-09-04 9:45:00,鈴木
8fbd8060-65d0-4952-8b9f-9665b55a05fd,8be25f1b-c838-4d81-b317-96770755e34e,2025-09-05 10:15:00,犬山,39.0,7.45,0,0,0,0,0,0,0,0,0,0,0,0,0,0,0,0,,2025-09-05 10:15:00,犬山
2d59c372-691c-4286-84e5-c5a63a991362,8be25f1b-c838-4d81-b317-96770755e34e,2025-09-06 10:30:00,田中,39.1,7.42,1,0,0,0,0,0,0,0,0,0,0,0,0,0,0,0,,2025-09-06 10:30:00,田中
6bed9f2a-1690-43b1-ba36-fb4d8a6123cd,8be25f1b-c838-4d81-b317-96770755e34e,2025-09-07 10:00:00,山本,39.0,7.47,0,0,0,0,1,0,0,0,0,0,0,0,0,0,0,0,,2025-09-07 10:00:00,山本
1ccbab8a-d50b-4fb4-9f2b-49b7c42d14cb,8be25f1b-c838-4d81-b317-96770755e34e,2025-09-08 9:15:00,鈴木,39.0,7.53,0,0,0,0,0,0,0,0,0,0,0,0,0,0,0,0,,2025-09-08 9:15:00,鈴木
c3f811d2-c8b6-470b-9366-23d9f2c07ba6,8be25f1b-c838-4d81-b317-96770755e34e,2025-09-09 10:45:00,犬山,39.1,7.64,0,0,0,0,0,0,0,0,0,0,0,0,0,0,0,0,,2025-09-09 10:45:00,犬山
248b25bb-2b04-4420-89e7-796f5578b6a9,8be25f1b-c838-4d81-b317-96770755e34e,2025-09-10 9:00:00,鈴木,38.8,7.65,0,0,0,0,0,0,0,0,0,0,0,0,0,0,0,0,,2025-09-10 9:00:00,鈴木
0a842062-dbb5-4f98-b9ec-22e2cff2968e,8be25f1b-c838-4d81-b317-96770755e34e,2025-09-11 10:15:00,佐藤,38.9,7.64,0,0,0,0,0,0,0,0,0,0,0,0,0,0,0,0,,2025-09-11 10:15:00,佐藤
c5b6480f-756d-4b77-8330-8d36afb56842,8be25f1b-c838-4d81-b317-96770755e34e,2025-09-12 9:45:00,山本,38.5,7.7,0,0,0,0,0,0,0,0,0,0,0,0,0,0,0,0,,2025-09-12 9:45:00,山本
f9a11267-5193-4944-b538-73db3eb795ad,8be25f1b-c838-4d81-b317-96770755e34e,2025-09-13 9:00:00,犬山,38.7,7.67,0,0,0,0,0,0,0,0,0,0,0,0,0,0,0,0,,2025-09-13 9:00:00,犬山
f0d24cb8-6ec1-4a1f-85c6-3381d3262687,8be25f1b-c838-4d81-b317-96770755e34e,2025-09-14 9:45:00,佐藤,38.7,7.59,0,0,0,0,0,0,0,0,0,0,0,0,0,0,0,0,,2025-09-14 9:45:00,佐藤
7739ee72-e555-4820-8924-113c31c1d403,2439f078-af66-440b-9941-1ad013f76248,2025-09-01 9:45:00,犬山,38.6,10.72,0,0,0,0,0,0,0,0,0,0,0,0,0,0,0,0,,2025-09-01 9:45:00,犬山
ac22ecdc-4db8-45f4-84a2-5fc488b7fcb7,2439f078-af66-440b-9941-1ad013f76248,2025-09-02 10:00:00,佐藤,38.7,10.76,0,0,0,0,0,0,0,0,0,0,0,0,0,0,0,0,,2025-09-02 10:00:00,佐藤
1bd8f9d1-9499-496b-b791-bf957d545fc3,2439f078-af66-440b-9941-1ad013f76248,2025-09-03 10:30:00,犬山,39.0,10.61,0,0,0,0,0,0,0,0,0,0,0,0,0,0,0,0,,2025-09-03 10:30:00,犬山
7bec57b6-f5ba-4cc5-afc7-abaec3395050,2439f078-af66-440b-9941-1ad013f76248,2025-09-04 9:00:00,犬山,39.0,10.59,0,0,0,0,0,0,0,0,0,0,0,0,0,0,0,0,,2025-09-04 9:00:00,犬山
823b31aa-a543-460a-afb6-ad1b012f6f36,2439f078-af66-440b-9941-1ad013f76248,2025-09-05 10:30:00,田中,39.2,10.53,0,0,0,0,0,0,0,0,0,0,0,0,0,0,0,0,,2025-09-05 10:30:00,田中
20fa1391-b4db-4c3d-988a-77f7996c6254,2439f078-af66-440b-9941-1ad013f76248,2025-09-06 10:45:00,犬山,39.0,10.54,1,0,0,0,1,1,1,0,0,0,0,0,0,0,0,0,,2025-09-06 10:45:00,犬山
8e79693f-0333-45a4-930e-7e03ea2758ce,2439f078-af66-440b-9941-1ad013f76248,2025-09-07 9:30:00,山本,39.3,10.49,1,0,1,0,0,0,0,0,0,0,0,0,0,0,0,0,,2025-09-07 9:30:00,山本
c48d7368-710b-4373-b560-d5a4b8c2fdc6,2439f078-af66-440b-9941-1ad013f76248,2025-09-08 10:30:00,犬山,39.1,10.55,0,0,0,0,0,0,0,0,0,0,0,0,0,0,0,0,,2025-09-08 10:30:00,犬山
5dfc87d4-640a-43f5-b986-5feeddea01fa,2439f078-af66-440b-9941-1ad013f76248,2025-09-09 9:00:00,山本,38.9,10.63,0,1,0,0,0,0,0,0,0,0,0,0,0,0,0,0,,2025-09-09 9:00:00,山本
55838a56-c676-4ff1-956a-4566a4df9b2d,2439f078-af66-440b-9941-1ad013f76248,2025-09-10 10:30:00,佐藤,38.9,10.75,0,0,0,0,0,0,0,0,0,0,0,0,0,0,0,0,,2025-09-10 10:30:00,佐藤
7c064c17-6f2d-4edb-9647-2ce9e98d3fa6,2439f078-af66-440b-9941-1ad013f76248,2025-09-11 9:00:00,犬山,38.7,10.66,0,0,0,0,0,0,0,0,0,0,0,0,0,0,0,0,,2025-09-11 9:00:00,犬山
adbf402f-e959-40a7-9cb1-13360113ba84,2439f078-af66-440b-9941-1ad013f76248,2025-09-12 9:30:00,山本,38.8,10.69,0,0,0,0,0,0,0,0,0,0,0,0,0,0,0,0,,2025-09-12 9:30:00,山本
557b231f-8aad-45c6-8d5b-e0d1c2de60fb,2439f078-af66-440b-9941-1ad013f76248,2025-09-13 9:15:00,佐藤,38.6,10.62,0,0,0,0,0,0,0,0,0,0,0,0,0,0,0,0,,2025-09-13 9:15:00,佐藤
99f8f398-79c1-405d-9d48-8e255562ef5b,2439f078-af66-440b-9941-1ad013f76248,2025-09-14 9:45:00,佐藤,38.8,10.8,0,0,0,0,0,0,0,0,0,0,0,0,0,0,0,0,,2025-09-14 9:45:00,佐藤
bec167de-b23e-4cd3-98fd-333025a57b00,b1556fda-129b-4bd4-bdc2-c05877f6f816,2025-09-01 9:30:00,鈴木,38.7,11.47,0,0,0,0,0,0,0,0,0,0,0,0,0,0,0,0,,2025-09-01 9:30:00,鈴木
6ddcec22-d602-4915-85bf-b515d7056ceb,b1556fda-129b-4bd4-bdc2-c05877f6f816,2025-09-02 9:45:00,鈴木,38.8,11.4,0,0,0,0,0,0,0,0,0,0,0,0,0,0,0,0,,2025-09-02 9:45:00,鈴木
5fe73899-c9ab-4609-a1c0-934fe3779fca,b1556fda-129b-4bd4-bdc2-c05877f6f816,2025-09-03 10:45:00,佐藤,39.0,11.28,0,0,0,0,0,0,0,0,0,0,0,0,0,0,0,0,,2025-09-03 10:45:00,佐藤
6e50898c-b820-4e71-aabf-1f3fa0ab1b6d,b1556fda-129b-4bd4-bdc2-c05877f6f816,2025-09-04 10:00:00,鈴木,39.1,11.2,1,0,0,0,0,0,0,0,0,0,0,0,0,0,0,0,,2025-09-04 10:00:00,鈴木
e5fdec6f-b7b0-41ae-a712-217e66b30df1,b1556fda-129b-4bd4-bdc2-c05877f6f816,2025-09-05 9:45:00,犬山,39.6,10.92,1,1,0,1,2,1,1,0,0,0,0,0,0,0,0,0,,2025-09-05 9:45:00,犬山
d7c30151-e9e7-49dc-b557-0919d26fa35b,b1556fda-129b-4bd4-bdc2-c05877f6f816,2025-09-06 10:00:00,鈴木,40.0,10.88,1,2,2,0,1,4,4,1,1,1,1,1,2,0,1,0,,2025-09-06 10:00:00,鈴木
828eca41-bcab-43dc-992b-5a2f2238a4a3,b1556fda-129b-4bd4-bdc2-c05877f6f816,2025-09-07 9:00:00,田中,40.3,10.91,2,3,2,1,3,3,3,2,2,1,1,1,1,1,2,0,,2025-09-07 9:00:00,田中
d34d18dc-ce18-499a-862d-0667b1160808,b1556fda-129b-4bd4-bdc2-c05877f6f816,2025-09-08 9:30:00,田中,40.1,10.9,2,2,1,1,3,3,3,1,1,1,1,2,2,2,1,0,,2025-09-08 9:30:00,田中
10b6b5e8-5102-4826-9974-1ea00d14a56e,b1556fda-129b-4bd4-bdc2-c05877f6f816,2025-09-09 9:00:00,犬山,40.4,10.83,2,2,1,1,2,4,4,1,1,1,1,2,3,2,1,0,,2025-09-09 9:00:00,犬山
580f6059-4e6f-4e14-9d53-05b16abff352,b1556fda-129b-4bd4-bdc2-c05877f6f816,2025-09-10 10:45:00,犬山,39.8,10.86,1,2,2,0,2,2,2,1,1,0,0,1,1,1,1,1,,2025-09-10 10:45:00,犬山
b902435a-493e-4dbc-b791-037139fe4ef4,b1556fda-129b-4bd4-bdc2-c05877f6f816,2025-09-11 9:30:00,犬山,39.5,11.22,1,1,0,0,2,0,0,0,0,0,0,1,1,0,0,1,,2025-09-11 9:30:00,犬山
6c9c603a-614a-42c3-8fe0-16280eb56085,b1556fda-129b-4bd4-bdc2-c05877f6f816,2025-09-12 10:00:00,山本,39.1,11.12,0,0,0,0,0,0,0,0,0,0,0,0,0,0,0,0,,2025-09-12 10:00:00,山本
f450fd0f-291a-4813-9204-c47a55dae7fa,b1556fda-129b-4bd4-bdc2-c05877f6f816,2025-09-13 10:45:00,佐藤,39.1,11.28,0,0,0,0,0,0,0,0,0,0,0,0,0,0,0,0,,2025-09-13 10:45:00,佐藤
c240f46d-b13f-46e2-a9d9-642695065427,b1556fda-129b-4bd4-bdc2-c05877f6f816,2025-09-14 10:15:00,山本,38.9,11.33,0,0,0,0,0,0,0,0,0,0,0,0,0,0,0,0,,2025-09-14 10:15:00,山本
de06a0c6-cbec-45d8-84ca-7133d72751a2,78997e16-bcbd-4e35-809a-596879bd6e42,2025-09-01 10:45:00,山本,38.6,11.56,0,0,0,0,0,0,0,0,0,0,0,0,0,0,0,0,,2025-09-01 10:45:00,山本
21fb3dbb-7fd1-4134-919f-d60f690ddf08,78997e16-bcbd-4e35-809a-596879bd6e42,2025-09-02 10:15:00,鈴木,38.7,11.47,0,0,0,0,0,0,0,0,0,0,0,0,0,0,0,0,,2025-09-02 10:15:00,鈴木
d902bf4e-2fb8-4205-837a-2486378e29f4,78997e16-bcbd-4e35-809a-596879bd6e42,2025-09-03 9:30:00,鈴木,39.2,11.4,0,0,0,0,0,0,0,0,0,0,0,0,0,0,0,0,,2025-09-03 9:30:00,鈴木
32e75993-20d2-4816-a4de-dcfe77459e90,78997e16-bcbd-4e35-809a-596879bd6e42,2025-09-04 9:45:00,鈴木,39.4,11.29,1,1,0,0,0,0,0,0,0,0,0,0,1,0,0,0,,2025-09-04 9:45:00,鈴木
12bcee31-fd0c-4b79-a13f-e574450f5493,78997e16-bcbd-4e35-809a-596879bd6e42,2025-09-05 9:45:00,犬山,39.9,11.17,1,1,0,0,1,1,1,1,1,0,0,1,1,0,0,0,,2025-09-05 9:45:00,犬山
b64c7886-4abf-4a5d-8432-34f78d9ab9e2,78997e16-bcbd-4e35-809a-596879bd6e42,2025-09-06 10:00:00,犬山,39.7,11.06,2,2,1,0,1,1,3,1,1,1,1,1,1,1,1,0,,2025-09-06 10:00:00,犬山
2c1e7635-5aaa-4107-8805-5d427e9b1c79,78997e16-bcbd-4e35-809a-596879bd6e42,2025-09-07 10:15:00,山本,40.1,11.13,1,2,1,1,3,4,4,1,1,1,1,1,1,1,1,0,,2025-09-07 10:15:00,山本
2e5f00e9-0a7d-4247-8bf0-6a0e6912b98b,78997e16-bcbd-4e35-809a-596879bd6e42,2025-09-08 9:30:00,山本,39.9,11.1,1,1,2,0,1,2,3,1,1,1,1,1,1,1,1,0,,2025-09-08 9:30:00,山本
e889d60d-1d15-4560-9240-c19f8278788a,78997e16-bcbd-4e35-809a-596879bd6e42,2025-09-09 10:30:00,犬山,39.5,11.1,1,1,2,0,1,1,1,0,0,0,0,1,1,0,0,0,,2025-09-09 10:30:00,犬山
91f11262-6fce-4f5b-8422-fb9dd36004fc,78997e16-bcbd-4e35-809a-596879bd6e42,2025-09-10 9:00:00,田中,39.3,11.3,0,0,1,0,0,0,0,0,0,0,0,0,0,0,0,1,,2025-09-10 9:00:00,田中
c40bedd2-8de4-42af-a581-37b9f9d09a4a,78997e16-bcbd-4e35-809a-596879bd6e42,2025-09-11 9:15:00,鈴木,39.1,11.36,0,0,0,0,0,0,0,0,0,0,0,0,0,0,0,0,,2025-09-11 9:15:00,鈴木
7638c552-a353-452f-98de-f4a067815c3f,78997e16-bcbd-4e35-809a-596879bd6e42,2025-09-12 9:45:00,田中,38.8,11.6,0,0,0,0,0,0,0,0,0,0,0,0,0,0,0,0,,2025-09-12 9:45:00,田中
fc24639a-d830-4890-9bd7-0a8235c88bc0,78997e16-bcbd-4e35-809a-596879bd6e42,2025-09-13 9:30:00,田中,38.8,11.56,0,0,0,0,0,0,0,0,0,0,0,0,0,0,0,0,,2025-09-13 9:30:00,田中
0a3ef914-1a08-4dc6-a984-efffecd58c8f,78997e16-bcbd-4e35-809a-596879bd6e42,2025-09-14 10:00:00,鈴木,38.8,11.54,0,0,0,0,0,0,0,0,0,0,0,0,0,0,0,0,,2025-09-14 10:00:00,鈴木
be22ccb2-ed32-407f-b924-0147937941fe,1f990aa5-f1de-45e4-952c-5d87cc5dfc66,2025-09-01 9:00:00,犬山,38.5,7.98,0,0,0,0,0,0,0,0,0,0,0,0,0,0,0,0,,2025-09-01 9:00:00,犬山
e410649f-f144-479c-915c-283c331c987a,1f990aa5-f1de-45e4-952c-5d87cc5dfc66,2025-09-02 10:00:00,鈴木,38.4,8.04,0,0,0,0,0,0,0,0,0,0,0,0,0,0,0,0,,2025-09-02 10:00:00,鈴木
a751c048-bf4c-4e30-a0b9-48d0b31bd201,1f990aa5-f1de-45e4-952c-5d87cc5dfc66,2025-09-03 10:30:00,田中,38.6,7.98,0,0,0,0,0,0,0,0,0,0,0,0,0,0,0,0,,2025-09-03 10:30:00,田中
c51762f1-2d78-4ec9-807d-a96dbea4ede7,1f990aa5-f1de-45e4-952c-5d87cc5dfc66,2025-09-04 10:30:00,山本,38.7,7.83,0,0,0,0,0,0,0,0,0,0,0,0,0,0,0,0,,2025-09-04 10:30:00,山本
01a929de-63ba-4f99-9d5a-e3d41a7a5fbb,1f990aa5-f1de-45e4-952c-5d87cc5dfc66,2025-09-05 9:30:00,佐藤,38.8,7.73,1,1,0,0,1,0,0,0,0,0,0,0,0,0,0,0,,2025-09-05 9:30:00,佐藤
075f72a0-87b5-4f95-8f92-ea31ab8ae5e6,1f990aa5-f1de-45e4-952c-5d87cc5dfc66,2025-09-06 9:30:00,犬山,39.0,7.69,1,2,1,1,2,1,2,0,0,1,1,1,1,0,0,0,,2025-09-06 9:30:00,犬山
eda0bee9-517d-49dd-bfae-702a27df22e4,1f990aa5-f1de-45e4-952c-5d87cc5dfc66,2025-09-07 9:30:00,犬山,39.7,7.8,2,2,2,0,3,3,3,1,1,1,1,1,1,1,1,0,,2025-09-07 9:30:00,犬山
3a8738dd-1118-4b8d-b6a8-3eeee1c2f1a5,1f990aa5-f1de-45e4-952c-5d87cc5dfc66,2025-09-08 9:30:00,山本,39.6,7.72,2,1,2,0,2,3,3,1,1,1,1,1,1,1,1,0,,2025-09-08 9:30:00,山本
abfc7208-dee1-4615-a60d-c01a78aa26a7,1f990aa5-f1de-45e4-952c-5d87cc5dfc66,2025-09-09 10:45:00,鈴木,39.4,7.52,1,2,2,1,3,4,4,1,1,2,2,2,2,1,1,0,,2025-09-09 10:45:00,鈴木
deb26507-a353-49ae-9471-3c5c299ef7a1,1f990aa5-f1de-45e4-952c-5d87cc5dfc66,2025-09-10 9:30:00,佐藤,39.1,7.82,2,1,1,0,1,2,2,1,1,1,1,1,1,0,1,0,,2025-09-10 9:30:00,佐藤
4f60cf37-f3d0-47df-93ea-1c5a1dd90773,1f990aa5-f1de-45e4-952c-5d87cc5dfc66,2025-09-11 9:45:00,鈴木,39.0,7.87,0,1,0,0,1,0,0,0,0,0,0,0,0,0,1,0,,2025-09-11 9:45:00,鈴木
5cc1b5f0-54e4-4591-99b4-fe3605535511,1f990aa5-f1de-45e4-952c-5d87cc5dfc66,2025-09-12 9:45:00,田中,38.6,7.94,0,0,0,0,0,0,0,0,0,0,0,0,0,0,0,0,,2025-09-12 9:45:00,田中
c23317d4-5529-43c5-ad08-4f874cc314b0,1f990aa5-f1de-45e4-952c-5d87cc5dfc66,2025-09-13 10:30:00,山本,38.5,7.88,0,0,0,0,0,0,0,0,0,0,0,0,0,0,0,0,,2025-09-13 10:30:00,山本
c6cca9a5-2f23-41f2-bdcf-80720168c1aa,1f990aa5-f1de-45e4-952c-5d87cc5dfc66,2025-09-14 9:00:00,田中,38.4,8.04,0,0,0,0,0,0,0,0,0,0,0,0,0,0,0,0,,2025-09-14 9:00:00,田中
e0f9f94f-0b15-4865-bd98-7a8f0ae16438,e6f222a4-2292-4228-9c7d-d6672df689a2,2025-09-01 10:00:00,犬山,38.5,8.25,0,0,0,0,0,0,0,0,0,0,0,0,0,0,0,0,,2025-09-01 10:00:00,犬山
6be32d07-3f87-4ed6-9094-e78e37bdc966,e6f222a4-2292-4228-9c7d-d6672df689a2,2025-09-02 9:45:00,田中,38.6,8.21,0,0,0,0,0,0,0,0,0,0,0,0,0,0,0,0,,2025-09-02 9:45:00,田中
57f563e6-f4ed-4278-bd78-44bb0504670a,e6f222a4-2292-4228-9c7d-d6672df689a2,2025-09-03 9:30:00,田中,39.1,7.93,0,0,0,0,0,0,0,0,0,0,0,0,0,0,0,0,,2025-09-03 9:30:00,田中
2bd3a834-e0d5-4118-9902-4fdca279f93f,e6f222a4-2292-4228-9c7d-d6672df689a2,2025-09-04 10:15:00,犬山,39.4,7.9,1,1,0,0,0,2,1,0,0,0,0,0,0,0,0,0,,2025-09-04 10:15:00,犬山
f310ba23-97b2-4f90-9a78-142a9d430439,e6f222a4-2292-4228-9c7d-d6672df689a2,2025-09-05 9:30:00,佐藤,40.0,7.71,2,1,2,1,2,2,2,1,1,1,1,1,1,0,1,0,,2025-09-05 9:30:00,佐藤
0d4f23af-c99e-4dc4-b3ae-a3e514455dd5,e6f222a4-2292-4228-9c7d-d6672df689a2,2025-09-06 10:15:00,山本,39.8,7.91,1,2,2,1,2,4,4,2,2,1,1,1,1,1,2,0,,2025-09-06 10:15:00,山本
a38ea611-e9cf-48ca-a0b1-35451db4e365,e6f222a4-2292-4228-9c7d-d6672df689a2,2025-09-07 10:30:00,田中,40.0,7.66,1,1,2,0,2,4,4,2,2,1,1,2,2,2,2,0,,2025-09-07 10:30:00,田中
3a1bc459-aa60-4a86-8f69-d23124010281,e6f222a4-2292-4228-9c7d-d6672df689a2,2025-09-08 10:00:00,犬山,40.0,7.66,2,2,2,1,2,2,2,1,1,1,1,2,2,1,1,0,,2025-09-08 10:00:00,犬山
c9ec35e3-c395-4216-aa2e-5027dda00f8f,e6f222a4-2292-4228-9c7d-d6672df689a2,2025-09-09 10:45:00,犬山,39.7,7.86,1,1,1,0,2,2,2,1,1,0,0,1,2,0,1,1,,2025-09-09 10:45:00,犬山
79540117-e170-41e4-abed-06c72396af1a,e6f222a4-2292-4228-9c7d-d6672df689a2,2025-09-10 9:15:00,犬山,39.3,8.01,0,1,1,0,0,0,0,1,1,0,0,0,0,0,0,1,,2025-09-10 9:15:00,犬山
09aff707-a782-4af4-9ea7-b3e38f2d09e4,e6f222a4-2292-4228-9c7d-d6672df689a2,2025-09-11 9:45:00,田中,38.9,8.11,0,0,0,0,0,1,0,0,0,0,0,0,0,0,0,0,,2025-09-11 9:45:00,田中
8832a0f3-78d9-4fb1-aa7f-8b141960bf6f,e6f222a4-2292-4228-9c7d-d6672df689a2,2025-09-12 10:45:00,犬山,38.8,8.11,0,0,0,0,0,0,0,0,0,0,0,0,0,0,0,0,,2025-09-12 10:45:00,犬山
927d1d5c-cc05-49ad-a72e-153aa6aee491,e6f222a4-2292-4228-9c7d-d6672df689a2,2025-09-13 9:15:00,田中,38.8,8.19,0,0,0,0,0,0,0,0,0,0,0,0,0,0,0,0,,2025-09-13 9:15:00,田中
29bd851b-75b8-4c7b-b758-4a2948817779,e6f222a4-2292-4228-9c7d-d6672df689a2,2025-09-14 10:15:00,犬山,38.6,8.21,0,0,0,0,0,0,0,0,0,0,0,0,0,0,0,0,,2025-09-14 10:15:00,犬山
b1ae4ce7-ff95-4afb-97b5-505d9bc7fc0f,6edbf596-7b19-4ec6-968a-65ee29634da1,2025-09-01 10:15:00,山本,38.6,9.16,0,0,0,0,0,0,0,0,0,0,0,0,0,0,0,0,,2025-09-01 10:15:00,山本
e538f0a7-eaa0-4765-9efe-0d6269fea0ad,6edbf596-7b19-4ec6-968a-65ee29634da1,2025-09-02 10:15:00,山本,38.6,9.28,0,0,0,0,0,0,0,0,0,0,0,0,0,0,0,0,,2025-09-02 10:15:00,山本
018ff18e-dd89-454f-abab-4a0244a65d40,6edbf596-7b19-4ec6-968a-65ee29634da1,2025-09-03 10:45:00,鈴木,38.6,9.29,0,0,0,0,0,0,0,0,0,0,0,0,0,0,0,0,,2025-09-03 10:45:00,鈴木
a27ae328-3a2a-472d-915b-dd5c0580bf0f,6edbf596-7b19-4ec6-968a-65ee29634da1,2025-09-04 9:00:00,佐藤,38.8,9.32,0,0,0,0,0,0,0,0,0,0,0,0,0,0,0,0,,2025-09-04 9:00:00,佐藤
5730b13a-5870-4ace-91d2-5b2198da2bdb,6edbf596-7b19-4ec6-968a-65ee29634da1,2025-09-05 10:00:00,山本,38.9,9.15,0,0,0,0,0,0,0,0,0,0,0,0,0,0,0,0,,2025-09-05 10:00:00,山本
c3f34012-004b-478a-9ca3-54dbc67183b7,6edbf596-7b19-4ec6-968a-65ee29634da1,2025-09-06 10:00:00,田中,39.4,9.02,1,1,1,1,0,2,0,0,0,0,0,0,0,0,0,0,,2025-09-06 10:00:00,田中
26a08bb9-d2b6-49a9-aa01-71f873020ed5,6edbf596-7b19-4ec6-968a-65ee29634da1,2025-09-07 9:45:00,鈴木,39.8,8.68,2,1,2,0,2,2,2,0,0,1,1,1,2,0,1,0,,2025-09-07 9:45:00,鈴木
9e44b054-55bb-4663-bfa8-dcdfb8e37748,6edbf596-7b19-4ec6-968a-65ee29634da1,2025-09-08 9:15:00,鈴木,39.8,8.79,3,2,1,1,2,4,2,1,1,1,2,2,2,2,1,0,,2025-09-08 9:15:00,鈴木
68ce05dd-e357-489c-9fb9-d06cdbde54f1,6edbf596-7b19-4ec6-968a-65ee29634da1,2025-09-09 9:45:00,田中,39.9,8.67,2,1,2,0,4,2,2,1,1,2,2,2,3,2,1,0,,2025-09-09 9:45:00,田中
d8919d9a-f911-482f-9ef1-3e73315747a1,6edbf596-7b19-4ec6-968a-65ee29634da1,2025-09-10 9:15:00,山本,40.1,8.5,1,1,2,1,2,3,3,1,1,2,1,2,2,1,2,0,,2025-09-10 9:15:00,山本
6b349fe1-c53c-465a-a7d6-bff356e15d60,6edbf596-7b19-4ec6-968a-65ee29634da1,2025-09-11 10:45:00,田中,39.8,9.09,1,1,1,0,1,1,3,1,1,1,1,1,1,1,1,1,,2025-09-11 10:45:00,田中
cf934cfc-964e-410f-a784-0900d982d43c,6edbf596-7b19-4ec6-968a-65ee29634da1,2025-09-12 10:15:00,田中,39.0,8.82,1,0,0,0,1,1,0,1,0,0,0,0,0,0,0,0,,2025-09-12 10:15:00,田中
cae04f01-0990-4d90-a66a-f45f44bfe84f,6edbf596-7b19-4ec6-968a-65ee29634da1,2025-09-13 9:15:00,山本,38.9,9.19,1,1,0,0,0,0,0,0,0,0,0,0,0,0,0,0,,2025-09-13 9:15:00,山本
2244f181-20e7-4d83-836f-fef5fec6191e,6edbf596-7b19-4ec6-968a-65ee29634da1,2025-09-14 9:45:00,犬山,38.6,9.1,0,0,0,0,0,0,0,0,0,0,0,0,0,0,0,0,,2025-09-14 9:45:00,犬山
f317bfc9-0611-4b88-9d8e-2315ab1f5ddc,6090e4f3-553b-4aa5-8529-87503384a1f9,2025-10-01 9:45:00,山本,38.4,9.01,0,0,0,0,0,0,0,0,0,0,0,0,0,0,0,0,,2025-10-01 9:45:00,山本
8639bf3a-a928-442c-9bbf-462459359030,6090e4f3-553b-4aa5-8529-87503384a1f9,2025-10-02 10:15:00,田中,38.5,8.94,0,0,0,0,0,0,0,0,0,0,0,0,0,0,0,0,,2025-10-02 10:15:00,田中
c8251fb9-0cec-42a3-9f2b-f8d79b7e0dd6,6090e4f3-553b-4aa5-8529-87503384a1f9,2025-10-03 9:45:00,田中,38.9,8.8,1,1,0,0,0,0,0,0,0,0,0,0,0,0,0,0,,2025-10-03 9:45:00,田中
0c804edc-c27a-4d98-8820-07c91e982a3c,6090e4f3-553b-4aa5-8529-87503384a1f9,2025-10-04 9:15:00,田中,39.2,8.68,0,1,0,0,1,0,0,0,1,0,1,0,0,0,0,0,,2025-10-04 9:15:00,田中
761875d9-a048-43e7-a091-cf8f7882357b,6090e4f3-553b-4aa5-8529-87503384a1f9,2025-10-05 10:45:00,犬山,38.8,8.68,1,1,0,0,1,0,0,1,1,0,0,1,1,0,0,0,,2025-10-05 10:45:00,犬山
73e44bfa-55a9-45b8-8b08-d8be09c0250b,6090e4f3-553b-4aa5-8529-87503384a1f9,2025-10-06 10:30:00,佐藤,39.0,8.68,1,1,0,0,1,2,2,1,0,0,0,1,1,0,1,0,,2025-10-06 10:30:00,佐藤
bf913bde-389b-44e9-85db-a3551d39afd3,6090e4f3-553b-4aa5-8529-87503384a1f9,2025-10-07 9:00:00,鈴木,39.3,8.61,1,1,0,0,1,2,2,0,0,0,0,1,1,1,0,0,,2025-10-07 9:00:00,鈴木
47667440-c8f7-49f7-87ca-124d90b700bd,6090e4f3-553b-4aa5-8529-87503384a1f9,2025-10-08 10:45:00,犬山,39.0,8.73,1,1,0,0,0,1,1,0,0,0,0,0,0,0,0,0,,2025-10-08 10:45:00,犬山
0586d249-c73e-4ca8-847b-bcd76f15facc,6090e4f3-553b-4aa5-8529-87503384a1f9,2025-10-09 9:45:00,犬山,38.7,8.96,0,0,0,0,0,0,0,0,0,0,0,0,0,0,0,0,,2025-10-09 9:45:00,犬山
d6427387-78ac-4eca-bddd-c09af2b01985,6090e4f3-553b-4aa5-8529-87503384a1f9,2025-10-10 9:00:00,田中,38.5,8.81,0,0,0,0,0,0,0,0,0,0,0,0,0,0,0,0,,2025-10-10 9:00:00,田中
edf6b15c-ab2d-41b4-b6ce-29aa01665bef,6090e4f3-553b-4aa5-8529-87503384a1f9,2025-10-11 9:00:00,佐藤,38.5,8.9,0,0,0,0,0,0,0,0,0,0,0,0,0,0,0,0,,2025-10-11 9:00:00,佐藤
5e8fdafe-4a0f-4ae9-bccc-16c9ddca9842,6090e4f3-553b-4aa5-8529-87503384a1f9,2025-10-12 9:00:00,犬山,38.5,8.96,0,0,0,0,0,0,0,0,0,0,0,0,0,0,0,0,,2025-10-12 9:00:00,犬山
000a71cc-f5c3-4f6c-b58c-964caa47d74f,6090e4f3-553b-4aa5-8529-87503384a1f9,2025-10-13 9:00:00,鈴木,38.4,8.93,0,0,0,0,0,0,0,0,0,0,0,0,0,0,0,0,,2025-10-13 9:00:00,鈴木
249f32df-5a8d-4ad4-b205-21ca455f46a3,6090e4f3-553b-4aa5-8529-87503384a1f9,2025-10-14 10:30:00,犬山,38.5,8.85,0,0,0,0,0,0,0,0,0,0,0,0,0,0,0,0,,2025-10-14 10:30:00,犬山
e92f14e5-81fe-4a84-aac6-a85268c75c0c,ddd1e29f-a2fb-4773-a1e6-14eeb2426409,2025-10-01 10:15:00,佐藤,38.5,9.81,0,0,0,0,0,0,0,0,0,0,0,0,0,0,0,0,,2025-10-01 10:15:00,佐藤
87fb62c8-d642-47e6-9704-dcd5d4876459,ddd1e29f-a2fb-4773-a1e6-14eeb2426409,2025-10-02 9:30:00,犬山,38.5,9.82,0,0,0,0,0,0,0,0,0,0,0,0,0,0,0,0,,2025-10-02 9:30:00,犬山
60edb0ba-c03a-45a0-9e30-75c65463d314,ddd1e29f-a2fb-4773-a1e6-14eeb2426409,2025-10-03 9:30:00,佐藤,38.3,9.81,0,0,0,0,0,0,0,0,0,0,0,0,0,0,0,0,,2025-10-03 9:30:00,佐藤
52653ad6-b869-4154-af55-88bdfd2b4428,ddd1e29f-a2fb-4773-a1e6-14eeb2426409,2025-10-04 10:00:00,犬山,38.7,9.65,0,0,0,0,0,0,0,0,0,0,0,0,0,0,0,0,,2025-10-04 10:00:00,犬山
024a0332-6fbf-415b-bca1-311086e665aa,ddd1e29f-a2fb-4773-a1e6-14eeb2426409,2025-10-05 10:15:00,犬山,38.6,9.75,0,0,0,0,0,0,0,0,0,0,0,0,0,0,0,0,,2025-10-05 10:15:00,犬山
eeac9a54-14f5-4ec2-9ae8-8feb35506a48,ddd1e29f-a2fb-4773-a1e6-14eeb2426409,2025-10-06 9:15:00,山本,38.6,9.69,0,0,0,0,0,0,0,0,0,0,0,0,0,0,0,0,,2025-10-06 9:15:00,山本
d3463641-5779-42df-8037-00d1de2d4127,ddd1e29f-a2fb-4773-a1e6-14eeb2426409,2025-10-07 9:00:00,犬山,38.8,9.65,0,0,0,0,1,0,0,0,0,0,0,0,0,0,0,0,,2025-10-07 9:00:00,犬山
79dbccf6-9ae0-4ec4-b666-4c50ee8db1e9,ddd1e29f-a2fb-4773-a1e6-14eeb2426409,2025-10-08 9:45:00,鈴木,38.7,9.67,0,0,0,0,0,0,0,0,0,0,0,0,0,0,0,0,,2025-10-08 9:45:00,鈴木
5f069457-26a4-4735-9c48-a8e454b529d4,ddd1e29f-a2fb-4773-a1e6-14eeb2426409,2025-10-09 10:15:00,犬山,38.6,9.71,0,0,0,0,0,0,0,0,0,0,0,0,0,0,0,0,,2025-10-09 10:15:00,犬山
0ed57c54-e3e0-437e-91dd-ae5c8a536032,ddd1e29f-a2fb-4773-a1e6-14eeb2426409,2025-10-10 9:45:00,佐藤,38.6,9.74,0,0,0,0,0,0,0,0,0,0,0,0,0,0,0,0,,2025-10-10 9:45:00,佐藤
3e3561a6-7e29-4f30-9e91-3cdc083ef78f,ddd1e29f-a2fb-4773-a1e6-14eeb2426409,2025-10-11 9:15:00,山本,38.2,9.81,0,0,0,0,0,0,0,0,0,0,0,0,0,0,0,0,,2025-10-11 9:15:00,山本
b57f8e2b-0a5a-4cf6-8bad-7319a20032f8,ddd1e29f-a2fb-4773-a1e6-14eeb2426409,2025-10-12 9:15:00,犬山,38.4,9.86,0,0,0,0,0,0,0,0,0,0,0,0,0,0,0,0,,2025-10-12 9:15:00,犬山
49e3fbc5-3eb2-4d4a-a0e0-0738e8a601ed,ddd1e29f-a2fb-4773-a1e6-14eeb2426409,2025-10-13 9:45:00,山本,38.3,9.87,0,0,0,0,0,0,0,0,0,0,0,0,0,0,0,0,,2025-10-13 9:45:00,山本
a626e3d1-6f26-408c-8e80-116c5f6a5062,ddd1e29f-a2fb-4773-a1e6-14eeb2426409,2025-10-14 9:00:00,鈴木,38.4,9.79,0,0,0,0,0,0,0,0,0,0,0,0,0,0,0,0,,2025-10-14 9:00:00,鈴木
29cd74b2-9f21-4208-8292-15049845ba8a,d0ae22f1-89a0-48e1-b8e0-831622feac47,2025-10-01 10:30:00,田中,38.7,8.24,0,0,0,0,0,0,0,0,0,0,0,0,0,0,0,0,,2025-10-01 10:30:00,田中
c4bb2073-46ca-4cad-b9ea-e53d49960bfe,d0ae22f1-89a0-48e1-b8e0-831622feac47,2025-10-02 9:45:00,犬山,38.6,8.27,0,0,0,0,0,0,0,0,0,0,0,0,0,0,0,0,,2025-10-02 9:45:00,犬山
e283d93d-552e-4b1c-8d33-93602e01474f,d0ae22f1-89a0-48e1-b8e0-831622feac47,2025-10-03 10:00:00,鈴木,38.7,8.2,0,0,0,0,0,0,0,0,0,0,0,0,0,0,0,0,,2025-10-03 10:00:00,鈴木
58e7d043-7df0-4deb-b4f5-b48b970c1305,d0ae22f1-89a0-48e1-b8e0-831622feac47,2025-10-04 10:15:00,犬山,38.9,8.12,0,0,0,0,0,0,0,0,0,0,0,0,0,0,0,0,,2025-10-04 10:15:00,犬山
9b65483b-b325-423a-a852-34cc5220bb61,d0ae22f1-89a0-48e1-b8e0-831622feac47,2025-10-05 9:00:00,犬山,38.9,8.14,0,0,0,0,0,0,0,0,0,0,0,0,0,0,0,0,,2025-10-05 9:00:00,犬山
e0b42234-87af-4be7-9d88-aa136d4ed810,d0ae22f1-89a0-48e1-b8e0-831622feac47,2025-10-06 9:00:00,山本,38.7,8.16,1,0,0,0,0,0,0,0,0,0,0,0,0,0,0,0,,2025-10-06 9:00:00,山本
98ca8036-b161-48dc-bdc0-b09f74e23ad2,d0ae22f1-89a0-48e1-b8e0-831622feac47,2025-10-07 9:45:00,佐藤,39.0,8.05,0,0,0,0,0,0,0,0,0,0,0,0,0,0,0,0,,2025-10-07 9:45:00,佐藤
666efa65-a31c-4a15-b7fd-e3298a312ea0,d0ae22f1-89a0-48e1-b8e0-831622feac47,2025-10-08 9:30:00,山本,39.0,8.11,0,0,0,0,0,0,0,0,0,0,0,0,0,0,0,0,,2025-10-08 9:30:00,山本
cb4a2308-d211-41e3-bd4c-172fbed1ebbf,d0ae22f1-89a0-48e1-b8e0-831622feac47,2025-10-09 9:00:00,山本,38.8,8.12,0,0,0,0,0,0,0,0,0,0,0,0,0,0,0,0,,2025-10-09 9:00:00,山本
e3e97337-85e1-44ab-87b3-f2abcba4eaf2,d0ae22f1-89a0-48e1-b8e0-831622feac47,2025-10-10 10:00:00,佐藤,38.6,8.16,0,0,0,0,0,0,0,0,0,0,0,0,0,0,0,0,,2025-10-10 10:00:00,佐藤
5daa5b11-a290-4e27-aea7-86d0c424d500,d0ae22f1-89a0-48e1-b8e0-831622feac47,2025-10-11 9:30:00,鈴木,38.6,8.16,0,0,0,0,0,0,0,0,0,0,0,0,0,0,0,0,,2025-10-11 9:30:00,鈴木
51eeb7d9-118a-4d86-a68f-c3ab3879c85b,d0ae22f1-89a0-48e1-b8e0-831622feac47,2025-10-12 9:30:00,山本,38.6,8.23,0,0,0,0,0,0,0,0,0,0,0,0,0,0,0,0,,2025-10-12 9:30:00,山本
61a5a538-be5a-4e75-86cf-32bb06dc43b4,d0ae22f1-89a0-48e1-b8e0-831622feac47,2025-10-13 10:30:00,田中,38.5,8.16,0,0,0,0,0,0,0,0,0,0,0,0,0,0,0,0,,2025-10-13 10:30:00,田中
120491f3-8b56-424c-84a5-eef520c03bd9,d0ae22f1-89a0-48e1-b8e0-831622feac47,2025-10-14 10:00:00,犬山,38.5,8.17,0,0,0,0,0,0,0,0,0,0,0,0,0,0,0,0,,2025-10-14 10:00:00,犬山
3f65a154-820b-4109-8b60-40343280051d,84dcaf97-0826-4bf8-9b24-4178f834c877,2025-10-01 10:45:00,犬山,38.3,9.53,0,0,0,0,0,0,0,0,0,0,0,0,0,0,0,0,,2025-10-01 10:45:00,犬山
143301ad-e871-4d24-8e19-fe48e9ed0038,84dcaf97-0826-4bf8-9b24-4178f834c877,2025-10-02 10:45:00,犬山,38.4,9.54,0,0,0,0,0,0,0,0,0,0,0,0,0,0,0,0,,2025-10-02 10:45:00,犬山
27ea60d0-097c-4260-9f5f-94a5a81e6ce9,84dcaf97-0826-4bf8-9b24-4178f834c877,2025-10-03 9:00:00,犬山,38.6,9.37,0,0,0,0,0,0,0,0,0,0,0,0,0,0,0,0,,2025-10-03 9:00:00,犬山
300a5869-6220-4ce7-899e-2c82eba7b07f,84dcaf97-0826-4bf8-9b24-4178f834c877,2025-10-04 10:45:00,佐藤,38.7,9.31,0,0,0,0,0,0,0,0,0,0,0,0,0,0,0,0,,2025-10-04 10:45:00,佐藤
b144918c-a092-4995-9196-da2730637471,84dcaf97-0826-4bf8-9b24-4178f834c877,2025-10-05 10:45:00,鈴木,38.6,9.48,0,0,0,0,0,0,0,0,0,0,0,0,0,0,0,0,,2025-10-05 10:45:00,鈴木
c32c2576-972a-45dc-9f62-b16d2440ed19,84dcaf97-0826-4bf8-9b24-4178f834c877,2025-10-06 9:30:00,佐藤,38.7,9.35,0,0,0,0,0,0,0,0,0,0,0,0,0,0,0,0,,2025-10-06 9:30:00,佐藤
8956e897-b483-428a-a43e-e21e2d12fef6,84dcaf97-0826-4bf8-9b24-4178f834c877,2025-10-07 10:30:00,田中,38.4,9.45,0,0,0,0,0,0,0,0,0,0,0,0,0,0,0,0,,2025-10-07 10:30:00,田中
5069f7e3-505d-4a06-bed4-6721dd9390d1,84dcaf97-0826-4bf8-9b24-4178f834c877,2025-10-08 10:30:00,鈴木,38.5,9.49,0,0,0,0,0,0,0,0,0,0,0,0,0,0,0,0,,2025-10-08 10:30:00,鈴木
d40ef22b-2a2a-45f7-b342-1b08d49aaf85,84dcaf97-0826-4bf8-9b24-4178f834c877,2025-10-09 9:30:00,田中,38.4,9.47,0,0,0,0,0,0,0,0,0,0,0,0,0,0,0,0,,2025-10-09 9:30:00,田中
44569793-bc77-4b35-9ed5-7ec303a63412,84dcaf97-0826-4bf8-9b24-4178f834c877,2025-10-10 9:45:00,佐藤,38.4,9.49,0,0,0,0,0,0,0,0,0,0,0,0,0,0,0,0,,2025-10-10 9:45:00,佐藤
ce883975-cd0b-4154-bc67-38c7e74d8c76,84dcaf97-0826-4bf8-9b24-4178f834c877,2025-10-11 9:15:00,田中,38.4,9.51,0,0,0,0,0,0,0,0,0,0,0,0,0,0,0,0,,2025-10-11 9:15:00,田中
48ea0e8e-7d8d-483c-b772-869bba65b297,84dcaf97-0826-4bf8-9b24-4178f834c877,2025-10-12 9:15:00,佐藤,38.2,9.45,0,0,0,0,0,0,0,0,0,0,0,0,0,0,0,0,,2025-10-12 9:15:00,佐藤
a0c65127-616e-44d7-9c7e-de6b704a8f4e,84dcaf97-0826-4bf8-9b24-4178f834c877,2025-10-13 10:15:00,犬山,38.4,9.51,0,0,0,0,0,0,0,0,0,0,0,0,0,0,0,0,,2025-10-13 10:15:00,犬山
b19f38fe-1236-413b-87ab-90b356abd400,84dcaf97-0826-4bf8-9b24-4178f834c877,2025-10-14 9:00:00,田中,38.2,9.54,0,0,0,0,0,0,0,0,0,0,0,0,0,0,0,0,,2025-10-14 9:00:00,田中
9abc4e62-b520-4527-bcb8-e5a8d27d1315,0b981ebc-d918-4b04-b95d-69495f37b2e2,2025-10-01 9:30:00,犬山,38.2,9.03,0,0,0,0,0,0,0,0,0,0,0,0,0,0,0,0,,2025-10-01 9:30:00,犬山
c91f5d65-fea0-4a20-b6f3-efbe8e5afe18,0b981ebc-d918-4b04-b95d-69495f37b2e2,2025-10-02 10:00:00,田中,38.2,9.09,0,0,0,0,0,0,0,0,0,0,0,0,0,0,0,0,,2025-10-02 10:00:00,田中
bef48aec-eae2-4845-acdc-a6f8065d033f,0b981ebc-d918-4b04-b95d-69495f37b2e2,2025-10-03 10:00:00,田中,38.4,8.99,0,0,0,0,0,0,0,0,0,0,0,0,0,0,0,0,,2025-10-03 10:00:00,田中
1cb19837-3367-4cd7-b957-23836fb1facc,0b981ebc-d918-4b04-b95d-69495f37b2e2,2025-10-04 10:45:00,山本,38.5,9.0,0,0,0,0,0,0,0,0,0,0,0,0,0,0,0,0,,2025-10-04 10:45:00,山本
4aa2eb51-182c-455f-9b7f-02c6f2490184,0b981ebc-d918-4b04-b95d-69495f37b2e2,2025-10-05 10:15:00,鈴木,38.6,8.89,0,0,0,0,0,0,0,0,0,0,0,0,0,0,0,0,,2025-10-05 10:15:00,鈴木
ed9f052d-6356-4bad-a5d5-1663373bb548,0b981ebc-d918-4b04-b95d-69495f37b2e2,2025-10-06 9:30:00,鈴木,38.8,8.81,1,0,0,0,0,0,0,0,1,0,0,0,0,0,0,0,,2025-10-06 9:30:00,鈴木
eb346b00-0f2c-488f-ad5f-5af858703e26,0b981ebc-d918-4b04-b95d-69495f37b2e2,2025-10-07 10:00:00,田中,38.6,8.84,0,0,0,0,0,0,0,0,0,0,0,0,0,0,0,0,,2025-10-07 10:00:00,田中
ac8f6bc4-0f97-43e4-8ee0-d903fb775fa5,0b981ebc-d918-4b04-b95d-69495f37b2e2,2025-10-08 10:00:00,犬山,38.7,8.86,1,0,0,0,0,0,0,0,0,0,0,0,0,0,0,0,,2025-10-08 10:00:00,犬山
3f25c7b3-62d3-4e90-8755-02c742171ef3,0b981ebc-d918-4b04-b95d-69495f37b2e2,2025-10-09 9:45:00,犬山,38.5,8.8,0,0,0,0,0,0,0,0,0,0,0,0,0,0,0,0,,2025-10-09 9:45:00,犬山
284544e5-0986-4eaa-80b5-14acfdbcf086,0b981ebc-d918-4b04-b95d-69495f37b2e2,2025-10-10 9:00:00,佐藤,38.4,8.91,0,0,0,0,0,0,0,0,0,0,0,0,0,0,0,0,,2025-10-10 9:00:00,佐藤
29f6956b-5ba5-4d1d-8545-e3bac891a3ef,0b981ebc-d918-4b04-b95d-69495f37b2e2,2025-10-11 9:00:00,鈴木,38.4,9.06,0,0,0,0,0,0,0,0,0,0,0,0,0,0,0,0,,2025-10-11 9:00:00,鈴木
9d3d731a-9bf1-40ea-a6e5-b0602ab57575,0b981ebc-d918-4b04-b95d-69495f37b2e2,2025-10-12 10:45:00,田中,38.1,8.95,0,0,0,0,0,0,0,0,0,0,0,0,0,0,0,0,,2025-10-12 10:45:00,田中
32f079e9-000b-4a0d-a7fb-e7d6e285bf28,0b981ebc-d918-4b04-b95d-69495f37b2e2,2025-10-13 9:45:00,田中,38.2,9.02,0,0,0,0,0,0,0,0,0,0,0,0,0,0,0,0,,2025-10-13 9:45:00,田中
de24f6ab-db42-417f-a788-d0f575f099c7,0b981ebc-d918-4b04-b95d-69495f37b2e2,2025-10-14 9:15:00,犬山,38.2,8.99,0,0,0,0,0,0,0,0,0,0,0,0,0,0,0,0,,2025-10-14 9:15:00,犬山
89917fce-7a60-4e52-9a64-0e0c41bfc25d,a0b3d173-176e-40d8-9af8-f754f7c340a3,2025-10-01 9:30:00,犬山,38.5,9.89,0,0,0,0,0,0,0,0,0,0,0,0,0,0,0,0,,2025-10-01 9:30:00,犬山
fa562034-a12d-4f87-aba1-8eba2817714f,a0b3d173-176e-40d8-9af8-f754f7c340a3,2025-10-02 10:45:00,佐藤,38.4,9.95,0,0,0,0,0,0,0,0,0,0,0,0,0,0,0,0,,2025-10-02 10:45:00,佐藤
cd643e96-b501-42a7-b7e7-8f55ea9c2ac6,a0b3d173-176e-40d8-9af8-f754f7c340a3,2025-10-03 9:00:00,鈴木,38.6,9.88,0,0,0,0,0,0,0,0,0,0,0,0,0,0,0,0,,2025-10-03 9:00:00,鈴木
aa5337a8-67fb-44d0-a980-5d5c1a56f18e,a0b3d173-176e-40d8-9af8-f754f7c340a3,2025-10-04 9:00:00,佐藤,38.7,9.86,0,0,0,0,0,0,0,0,0,0,0,0,0,0,0,0,,2025-10-04 9:00:00,佐藤
060c1c35-c47f-4851-8aec-765c3f229998,a0b3d173-176e-40d8-9af8-f754f7c340a3,2025-10-05 9:45:00,鈴木,38.9,9.76,0,0,0,0,0,0,0,0,0,0,0,0,0,0,0,0,,2025-10-05 9:45:00,鈴木
a66d517c-f436-4b94-8b87-6de158778b30,a0b3d173-176e-40d8-9af8-f754f7c340a3,2025-10-06 10:45:00,山本,38.9,9.77,1,1,0,0,0,0,2,0,0,0,0,0,0,0,0,0,,2025-10-06 10:45:00,山本
43be00ec-2761-4279-ac9c-be0d34e38de3,a0b3d173-176e-40d8-9af8-f754f7c340a3,2025-10-07 10:30:00,犬山,39.5,9.61,2,1,1,0,1,3,3,1,1,1,1,2,2,0,0,0,,2025-10-07 10:30:00,犬山
62b04290-aa37-4c94-a057-308700c9e30e,a0b3d173-176e-40d8-9af8-f754f7c340a3,2025-10-08 9:45:00,佐藤,39.7,9.38,2,1,2,1,1,3,3,1,1,2,1,2,2,1,1,0,,2025-10-08 9:45:00,佐藤
c2153764-9700-4e8e-b9af-8a0e434fc9b9,a0b3d173-176e-40d8-9af8-f754f7c340a3,2025-10-09 9:45:00,犬山,39.9,9.57,3,2,1,0,2,4,4,1,1,2,2,2,2,1,1,0,,2025-10-09 9:45:00,犬山
687306e1-1408-4654-9a67-eda657cdbe94,a0b3d173-176e-40d8-9af8-f754f7c340a3,2025-10-10 10:45:00,佐藤,39.9,9.36,2,2,1,1,2,2,2,0,1,0,0,1,1,2,1,0,,2025-10-10 10:45:00,佐藤
98ae1cde-bd6c-44c0-b7e4-211dbf6f2029,a0b3d173-176e-40d8-9af8-f754f7c340a3,2025-10-11 10:15:00,田中,39.2,9.64,1,1,1,0,2,2,2,1,1,1,0,1,1,0,1,0,,2025-10-11 10:15:00,田中
ffab8e3a-856c-4d02-bfda-080656eadd02,a0b3d173-176e-40d8-9af8-f754f7c340a3,2025-10-12 9:30:00,山本,39.2,9.64,1,1,0,0,0,1,0,0,0,0,0,0,1,0,0,0,,2025-10-12 9:30:00,山本
0c404d2c-b91d-44e9-9299-5fdfc35db4ef,a0b3d173-176e-40d8-9af8-f754f7c340a3,2025-10-13 10:30:00,鈴木,38.8,9.77,0,0,0,0,0,0,0,0,0,0,0,0,0,0,0,1,,2025-10-13 10:30:00,鈴木
7110be0b-1bb0-46fe-a52f-b44bc40219ba,a0b3d173-176e-40d8-9af8-f754f7c340a3,2025-10-14 10:30:00,山本,38.6,9.88,0,0,0,0,0,0,0,0,0,0,0,0,0,0,0,0,,2025-10-14 10:30:00,山本
d039b0a3-4c05-4682-9c83-e861c28a8835,644fdc95-8275-4c9a-af40-208f1dc77742,2025-10-01 10:00:00,山本,38.5,9.36,0,0,0,0,0,0,0,0,0,0,0,0,0,0,0,0,,2025-10-01 10:00:00,山本
97dd70fc-8006-42bf-a082-d54194b234ce,644fdc95-8275-4c9a-af40-208f1dc77742,2025-10-02 10:00:00,田中,38.3,9.4,0,0,0,0,0,0,0,0,0,0,0,0,0,0,0,0,,2025-10-02 10:00:00,田中
559ba0f8-e5a6-45a5-9ea7-c6dfe598993a,644fdc95-8275-4c9a-af40-208f1dc77742,2025-10-03 9:15:00,鈴木,38.7,9.25,1,0,0,0,0,0,0,0,0,0,0,0,0,0,0,0,,2025-10-03 9:15:00,鈴木
f0eb4703-658b-42ee-a68c-4bd3c75a10e4,644fdc95-8275-4c9a-af40-208f1dc77742,2025-10-04 10:00:00,山本,39.1,9.16,1,0,0,0,1,0,0,0,0,0,0,0,0,0,0,0,,2025-10-04 10:00:00,山本
5db411a1-7ad9-4391-9b47-3333528aa656,644fdc95-8275-4c9a-af40-208f1dc77742,2025-10-05 10:45:00,田中,40.0,9.02,1,2,1,0,2,2,2,1,1,0,0,1,2,0,0,0,,2025-10-05 10:45:00,田中
a3f9c257-df6d-4a5e-b59e-ae55692a5ab3,644fdc95-8275-4c9a-af40-208f1dc77742,2025-10-06 10:00:00,田中,40.0,8.56,2,2,3,1,2,3,4,1,1,1,1,3,2,1,1,0,,2025-10-06 10:00:00,田中
fe474322-2466-4c31-a942-535d36052657,644fdc95-8275-4c9a-af40-208f1dc77742,2025-10-07 9:15:00,犬山,39.7,9.02,2,1,2,1,3,3,3,1,1,2,2,2,2,1,1,0,,2025-10-07 9:15:00,犬山
788eb057-e972-42f4-a3be-6c9221faa7ce,644fdc95-8275-4c9a-af40-208f1dc77742,2025-10-08 9:00:00,犬山,39.8,8.81,2,2,2,0,3,4,4,1,1,1,1,2,2,0,1,0,,2025-10-08 9:00:00,犬山
d1486b37-562d-4854-bd0b-01d106a4bcab,644fdc95-8275-4c9a-af40-208f1dc77742,2025-10-09 9:00:00,山本,39.0,9.01,2,1,1,0,2,2,2,1,1,0,0,2,2,1,1,0,,2025-10-09 9:00:00,山本
18d81f20-a57f-4f23-b58a-1083488b8322,644fdc95-8275-4c9a-af40-208f1dc77742,2025-10-10 10:15:00,鈴木,39.0,9.24,1,1,0,0,0,0,0,0,0,0,0,0,1,0,0,0,,2025-10-10 10:15:00,鈴木
8c1d2e8b-9ec4-4dc0-8620-087abaf8dd85,644fdc95-8275-4c9a-af40-208f1dc77742,2025-10-11 9:45:00,田中,38.6,9.29,0,0,0,0,0,0,0,0,0,0,0,0,0,0,0,0,,2025-10-11 9:45:00,田中
e9ceddde-1ced-49b5-b4cf-9aaa99ebcfa5,644fdc95-8275-4c9a-af40-208f1dc77742,2025-10-12 9:30:00,犬山,38.7,9.37,0,0,0,0,0,0,0,0,0,0,0,0,0,0,0,0,,2025-10-12 9:30:00,犬山
91118237-d4b8-4f07-be86-0d836bc29450,644fdc95-8275-4c9a-af40-208f1dc77742,2025-10-13 9:15:00,山本,38.4,9.39,0,0,0,0,0,0,0,0,0,0,0,0,0,0,0,0,,2025-10-13 9:15:00,山本
34a0935d-b78e-4d34-af91-2b1a85438dce,644fdc95-8275-4c9a-af40-208f1dc77742,2025-10-14 10:00:00,山本,38.5,9.46,0,0,0,0,0,0,0,0,0,0,0,0,0,0,0,0,,2025-10-14 10:00:00,山本
0a417e2c-ba60-4a41-9785-a3c66b24270a,12acb180-8801-4ab6-acea-4bb7b57b3fe8,2025-10-01 9:45:00,鈴木,38.8,10.15,0,0,0,0,0,0,0,0,0,0,0,0,0,0,0,0,,2025-10-01 9:45:00,鈴木
fb2e723b-d240-456b-b726-54112563b916,12acb180-8801-4ab6-acea-4bb7b57b3fe8,2025-10-02 9:00:00,山本,38.7,10.06,0,0,0,0,0,0,0,0,0,0,0,0,0,0,0,0,,2025-10-02 9:00:00,山本
a9110797-3bc8-43bc-a156-77071b0dc684,12acb180-8801-4ab6-acea-4bb7b57b3fe8,2025-10-03 9:30:00,山本,38.9,10.11,0,0,0,0,0,0,0,0,0,0,0,0,0,0,0,0,,2025-10-03 9:30:00,山本
71913786-1a25-44f3-a1ea-e0424e7547ce,12acb180-8801-4ab6-acea-4bb7b57b3fe8,2025-10-04 9:00:00,田中,39.0,10.09,0,0,0,0,0,0,0,0,0,0,0,0,0,0,0,0,,2025-10-04 9:00:00,田中
d19581f3-4d4a-4823-93e0-2e5fe60eaad4,12acb180-8801-4ab6-acea-4bb7b57b3fe8,2025-10-05 10:15:00,佐藤,39.4,9.93,0,0,0,0,0,0,0,0,0,0,0,0,0,0,0,0,,2025-10-05 10:15:00,佐藤
66af6ed2-135e-47ed-9945-e7bcc7b2942d,12acb180-8801-4ab6-acea-4bb7b57b3fe8,2025-10-06 10:15:00,鈴木,39.4,9.85,1,1,1,0,1,0,0,0,0,0,1,0,0,0,0,0,,2025-10-06 10:15:00,鈴木
19bb89f2-8902-49bf-9245-c81590a6fa54,12acb180-8801-4ab6-acea-4bb7b57b3fe8,2025-10-07 9:30:00,山本,39.7,9.78,2,1,1,1,1,2,2,1,1,0,0,1,1,0,0,0,,2025-10-07 9:30:00,山本
42976907-9ac2-4cec-b384-e16fb5344ef7,12acb180-8801-4ab6-acea-4bb7b57b3fe8,2025-10-08 9:30:00,佐藤,39.7,9.42,2,2,2,1,2,2,2,1,1,1,1,2,2,1,1,0,,2025-10-08 9:30:00,佐藤
fda58697-b67b-4c29-acd2-8e81155b08ea,12acb180-8801-4ab6-acea-4bb7b57b3fe8,2025-10-09 10:45:00,鈴木,39.9,9.46,2,3,3,0,2,3,3,1,1,1,1,1,2,1,1,0,,2025-10-09 10:45:00,鈴木
58957f01-3239-40fe-b0b2-f50227fb1362,12acb180-8801-4ab6-acea-4bb7b57b3fe8,2025-10-10 10:15:00,鈴木,40.0,9.67,1,2,1,1,1,3,3,1,1,1,2,2,2,1,1,0,,2025-10-10 10:15:00,鈴木
53b06bd4-c3f2-4006-8b11-ce3a081d37ee,12acb180-8801-4ab6-acea-4bb7b57b3fe8,2025-10-11 10:30:00,山本,39.4,9.67,1,1,1,0,1,2,2,1,1,0,1,1,1,0,0,0,,2025-10-11 10:30:00,山本
ed4aac20-80f7-4913-88a4-d44450589b8a,12acb180-8801-4ab6-acea-4bb7b57b3fe8,2025-10-12 10:15:00,犬山,39.3,9.9,1,0,0,0,0,1,1,0,0,0,0,0,0,0,0,1,,2025-10-12 10:15:00,犬山
2616f70f-85e2-490e-b75b-d55fb87a0825,12acb180-8801-4ab6-acea-4bb7b57b3fe8,2025-10-13 10:15:00,犬山,39.1,10.09,0,0,0,0,0,0,0,0,0,0,0,0,0,0,0,0,,2025-10-13 10:15:00,犬山
aa85f90c-c112-4353-b246-298f77c30b38,12acb180-8801-4ab6-acea-4bb7b57b3fe8,2025-10-14 10:30:00,佐藤,38.8,10.0,0,0,0,0,0,0,0,0,0,0,0,0,0,0,0,0,,2025-10-14 10:30:00,佐藤
2ac56ae9-a3f5-4bfc-a0a5-f06a99f0b5fa,66833ed9-1159-4610-9af8-95ff747fb805,2025-10-01 9:00:00,佐藤,38.6,10.41,0,0,0,0,0,0,0,0,0,0,0,0,0,0,0,0,,2025-10-01 9:00:00,佐藤
f679c95d-c6bc-4cea-986b-62476c33bdb6,66833ed9-1159-4610-9af8-95ff747fb805,2025-10-02 10:45:00,田中,38.8,10.41,0,0,0,0,0,0,0,0,0,0,0,0,0,0,0,0,,2025-10-02 10:45:00,田中
718a8f8d-e65a-448b-97b9-ce7e98fff844,66833ed9-1159-4610-9af8-95ff747fb805,2025-10-03 9:15:00,犬山,39.6,10.1,1,1,1,1,1,0,2,0,0,0,0,0,0,0,0,0,,2025-10-03 9:15:00,犬山
0a2bcbba-ab46-417d-96a0-b7ea0761ba74,66833ed9-1159-4610-9af8-95ff747fb805,2025-10-04 9:45:00,鈴木,40.1,9.71,2,1,1,0,2,2,2,1,2,1,1,2,1,0,0,0,,2025-10-04 9:45:00,鈴木
2aaaf304-6792-411e-9550-8bb8d7750012,66833ed9-1159-4610-9af8-95ff747fb805,2025-10-05 10:00:00,山本,40.4,9.8,2,3,2,1,4,5,2,1,1,1,1,3,3,1,1,0,,2025-10-05 10:00:00,山本
790a26e7-0718-43ce-8623-b33c550761a2,66833ed9-1159-4610-9af8-95ff747fb805,2025-10-06 10:30:00,鈴木,40.6,10.03,3,2,2,1,3,3,3,2,2,1,1,2,1,1,2,0,,2025-10-06 10:30:00,鈴木
5a2bf78d-e842-47f8-b7d7-9ce5656459e1,66833ed9-1159-4610-9af8-95ff747fb805,2025-10-07 10:15:00,佐藤,40.2,9.73,2,2,2,1,4,2,2,1,1,2,2,2,2,1,1,0,,2025-10-07 10:15:00,佐藤
6aca65a5-bf12-4c93-98c7-4b9304881336,66833ed9-1159-4610-9af8-95ff747fb805,2025-10-08 9:45:00,犬山,39.4,10.04,2,2,1,0,3,3,2,1,1,1,1,2,2,1,1,1,,2025-10-08 9:45:00,犬山
1019a9f3-f210-4d49-a1d3-4aa69fd9ae59,66833ed9-1159-4610-9af8-95ff747fb805,2025-10-09 9:45:00,田中,39.7,10.01,1,1,0,0,1,2,2,0,0,1,1,1,1,1,0,0,,2025-10-09 9:45:00,田中
0fdbe1e8-4964-4405-b5a3-c50e8d61d79f,66833ed9-1159-4610-9af8-95ff747fb805,2025-10-10 9:15:00,田中,39.1,10.16,1,0,1,0,0,1,0,0,0,0,0,0,0,0,0,0,,2025-10-10 9:15:00,田中
65f1612b-1cd0-4719-b3ee-bc6e35cffd28,66833ed9-1159-4610-9af8-95ff747fb805,2025-10-11 9:00:00,犬山,38.8,10.21,0,0,0,0,0,0,0,0,0,0,0,0,0,0,0,0,,2025-10-11 9:00:00,犬山
22b6da13-679e-4d16-8392-3111f7af26c1,66833ed9-1159-4610-9af8-95ff747fb805,2025-10-12 10:45:00,犬山,38.5,10.25,0,0,0,0,0,0,0,0,0,0,0,0,0,0,0,0,,2025-10-12 10:45:00,犬山
16554af6-bfb0-476f-beb0-e359ff045f3c,66833ed9-1159-4610-9af8-95ff747fb805,2025-10-13 10:30:00,鈴木,38.6,10.32,0,0,0,0,0,0,0,0,0,0,0,0,0,0,0,0,,2025-10-13 10:30:00,鈴木
f5cc1b57-a646-48a7-a9f7-ed186da67cd3,66833ed9-1159-4610-9af8-95ff747fb805,2025-10-14 10:30:00,佐藤,38.5,10.38,0,0,0,0,0,0,0,0,0,0,0,0,0,0,0,0,,2025-10-14 10:30:00,佐藤
052d5527-df5f-4442-92a4-906ef70b9952,f417a9cd-dece-4971-8132-b40bcf35775c,2025-10-01 9:00:00,犬山,38.2,11.18,0,0,0,0,0,0,0,0,0,0,0,0,0,0,0,0,,2025-10-01 9:00:00,犬山
fcb2bc2d-1a83-44df-922c-d0bfa05ae3ee,f417a9cd-dece-4971-8132-b40bcf35775c,2025-10-02 10:30:00,田中,38.3,11.18,0,0,0,0,0,0,0,0,0,0,0,0,0,0,0,0,,2025-10-02 10:30:00,田中
ca756312-476d-4d19-9f84-660c29fbdd19,f417a9cd-dece-4971-8132-b40bcf35775c,2025-10-03 9:00:00,山本,38.4,11.03,0,0,0,0,0,0,0,0,0,0,0,0,0,0,0,0,,2025-10-03 9:00:00,山本
0c8dcb28-a07e-4d36-8684-dcebcaafafe1,f417a9cd-dece-4971-8132-b40bcf35775c,2025-10-04 9:15:00,佐藤,38.6,10.83,1,0,0,0,0,0,0,0,0,0,0,0,0,0,0,0,,2025-10-04 9:15:00,佐藤
0c88dc5c-d34a-477d-ae28-f207fe75d26f,f417a9cd-dece-4971-8132-b40bcf35775c,2025-10-05 9:45:00,犬山,39.3,10.83,1,1,0,0,1,2,0,0,1,0,0,0,0,0,0,0,,2025-10-05 9:45:00,犬山
98415bf9-fd68-48d5-a606-ac0f5590f2c9,f417a9cd-dece-4971-8132-b40bcf35775c,2025-10-06 10:30:00,山本,39.6,10.51,1,2,2,1,3,4,4,1,1,1,1,1,1,0,1,0,,2025-10-06 10:30:00,山本
424644a2-7cf9-4542-b570-aa68ccb8da8f,f417a9cd-dece-4971-8132-b40bcf35775c,2025-10-07 9:45:00,犬山,39.7,10.22,3,1,2,1,3,3,3,1,1,1,1,2,2,2,2,0,,2025-10-07 9:45:00,犬山
2d0279d0-0a3b-4712-b518-317d7bd08fd4,f417a9cd-dece-4971-8132-b40bcf35775c,2025-10-08 9:15:00,山本,40.3,10.66,3,1,2,0,4,3,4,1,1,1,1,2,2,2,2,0,,2025-10-08 9:15:00,山本
5012f519-6c4c-4e08-a280-97a014db36a1,f417a9cd-dece-4971-8132-b40bcf35775c,2025-10-09 9:30:00,山本,39.4,10.5,2,1,3,1,3,4,4,1,1,2,2,2,2,2,1,0,,2025-10-09 9:30:00,山本
9cf194fa-bebb-419a-8326-7d8342f63d53,f417a9cd-dece-4971-8132-b40bcf35775c,2025-10-10 9:00:00,田中,39.4,10.5,1,2,2,0,1,3,3,1,1,1,1,1,1,1,1,0,,2025-10-10 9:00:00,田中
d7f1e548-ccca-4cd3-8146-17081d74882f,f417a9cd-dece-4971-8132-b40bcf35775c,2025-10-11 10:00:00,犬山,39.2,10.93,1,0,1,0,1,2,2,0,0,0,0,1,1,0,0,0,,2025-10-11 10:00:00,犬山
38f3a14d-14b7-460e-a8c1-6129b774c1a6,f417a9cd-dece-4971-8132-b40bcf35775c,2025-10-12 10:15:00,犬山,38.7,10.99,0,0,0,0,0,0,0,0,0,0,0,1,1,0,0,1,,2025-10-12 10:15:00,犬山
3c8f2181-4fd5-4ee4-a040-bb7897f58c38,f417a9cd-dece-4971-8132-b40bcf35775c,2025-10-13 9:00:00,犬山,38.4,11.05,0,0,0,0,0,0,0,0,0,0,0,0,0,0,0,0,,2025-10-13 9:00:00,犬山
d419cfda-2a92-4458-afbd-933a5bd960fa,f417a9cd-dece-4971-8132-b40bcf35775c,2025-10-14 10:15:00,犬山,38.1,11.11,0,0,0,0,0,0,0,0,0,0,0,0,0,0,0,0,,2025-10-14 10:15:00,犬山
9de5cf63-deb1-4c39-86fe-994d2216aaf5,e17014c0-de56-40d6-8653-b6d782de1c28,2025-11-01 10:45:00,佐藤,38.7,4.41,0,0,0,0,0,0,0,0,0,0,0,0,0,0,0,0,,2025-11-01 10:45:00,佐藤
6c383895-e624-465b-97da-3bd15f6d81c0,e17014c0-de56-40d6-8653-b6d782de1c28,2025-11-02 10:45:00,鈴木,38.9,4.5,0,0,0,0,0,0,0,0,0,0,0,0,0,0,0,0,,2025-11-02 10:45:00,鈴木
08133045-c2fc-469c-a30b-356c57885004,e17014c0-de56-40d6-8653-b6d782de1c28,2025-11-03 9:00:00,犬山,39.3,4.36,0,0,0,0,0,0,0,0,0,0,0,0,0,0,0,0,,2025-11-03 9:00:00,犬山
61a2a483-3084-4b09-868a-b5cfd0d0477e,e17014c0-de56-40d6-8653-b6d782de1c28,2025-11-04 10:30:00,佐藤,39.3,4.33,1,0,0,0,0,0,0,0,0,0,0,0,0,0,0,0,,2025-11-04 10:30:00,佐藤
cb78e670-9468-4b06-b5dc-3fcea6728f46,e17014c0-de56-40d6-8653-b6d782de1c28,2025-11-05 10:15:00,犬山,39.3,4.33,1,1,1,0,0,2,2,0,1,0,0,0,0,0,0,0,,2025-11-05 10:15:00,犬山
b3b643a6-1212-4daa-aff5-ca64c3eb3e8b,e17014c0-de56-40d6-8653-b6d782de1c28,2025-11-06 9:30:00,犬山,39.5,4.29,1,1,0,0,1,1,1,1,1,0,0,1,0,0,0,0,,2025-11-06 9:30:00,犬山
832c3810-b3d3-4701-87c4-cc15b23a2d41,e17014c0-de56-40d6-8653-b6d782de1c28,2025-11-07 9:15:00,山本,39.5,4.36,1,0,1,0,1,0,0,0,0,0,0,0,0,0,0,0,,2025-11-07 9:15:00,山本
7635998d-2720-4d00-a9d5-15591df17d62,e17014c0-de56-40d6-8653-b6d782de1c28,2025-11-08 10:45:00,田中,39.3,4.4,1,0,0,0,0,0,0,0,0,0,0,0,0,0,0,0,,2025-11-08 10:45:00,田中
9b9bac82-8de7-4145-8875-830e865fea9f,e17014c0-de56-40d6-8653-b6d782de1c28,2025-11-09 10:00:00,犬山,39.1,4.45,0,0,0,0,0,0,0,0,0,0,0,0,0,0,0,0,,2025-11-09 10:00:00,犬山
fc664f3b-1dff-45e2-a93d-152c125ef41c,e17014c0-de56-40d6-8653-b6d782de1c28,2025-11-10 10:00:00,鈴木,39.0,4.4,0,0,0,0,0,0,0,0,0,0,0,0,0,0,0,0,,2025-11-10 10:00:00,鈴木
b8da29d6-868c-4215-ab03-f3bc18d7ab08,e17014c0-de56-40d6-8653-b6d782de1c28,2025-11-11 9:30:00,田中,38.9,4.5,0,0,0,0,0,0,0,0,0,0,0,0,0,0,0,0,,2025-11-11 9:30:00,田中
358730a0-9123-48ed-837e-fd852d5c3d8c,e17014c0-de56-40d6-8653-b6d782de1c28,2025-11-12 9:15:00,犬山,38.8,4.35,0,0,0,0,0,0,0,0,0,0,0,0,0,0,0,0,,2025-11-12 9:15:00,犬山
660b5574-008b-47b3-a5f0-fbec6f418ad3,e17014c0-de56-40d6-8653-b6d782de1c28,2025-11-13 9:15:00,犬山,38.8,4.48,0,0,0,0,0,0,0,0,0,0,0,0,0,0,0,0,,2025-11-13 9:15:00,犬山
c1798635-c7d1-4170-80b8-0c802b7df8f9,e17014c0-de56-40d6-8653-b6d782de1c28,2025-11-14 10:00:00,犬山,38.9,4.45,0,0,0,0,0,0,0,0,0,0,0,0,0,0,0,0,,2025-11-14 10:00:00,犬山
addbb8f0-c64b-481d-afb5-6c75c7608923,2cf8587f-9bbe-475e-bdb1-435a6321ce54,2025-11-01 10:00:00,佐藤,38.5,4.04,0,0,0,0,0,0,0,0,0,0,0,0,0,0,0,0,,2025-11-01 10:00:00,佐藤
8f702904-fbd3-4edb-9a08-789ce3a3652c,2cf8587f-9bbe-475e-bdb1-435a6321ce54,2025-11-02 10:15:00,田中,38.3,4.02,0,0,0,0,0,0,0,0,0,0,0,0,0,0,0,0,,2025-11-02 10:15:00,田中
bd52482a-b274-4cf1-aba6-12f52f6bc12d,2cf8587f-9bbe-475e-bdb1-435a6321ce54,2025-11-03 9:45:00,佐藤,38.8,3.93,0,0,0,0,0,0,0,0,0,0,0,0,0,0,0,0,,2025-11-03 9:45:00,佐藤
44d56468-af4f-46d9-b3e9-113726237cba,2cf8587f-9bbe-475e-bdb1-435a6321ce54,2025-11-04 9:00:00,鈴木,38.8,3.83,1,0,0,0,0,0,0,0,0,0,0,0,0,0,0,0,,2025-11-04 9:00:00,鈴木
ad3a61f1-c0db-42c8-8008-cde0544286d0,2cf8587f-9bbe-475e-bdb1-435a6321ce54,2025-11-05 9:00:00,犬山,38.8,3.91,1,0,1,0,0,0,1,0,0,0,0,0,0,0,0,0,,2025-11-05 9:00:00,犬山
17a7cde0-9593-438a-bf9f-bbc0e5d5dea2,2cf8587f-9bbe-475e-bdb1-435a6321ce54,2025-11-06 10:45:00,佐藤,39.0,3.84,1,0,0,0,1,1,1,0,0,0,0,0,0,0,0,0,,2025-11-06 10:45:00,佐藤
8f93ca5a-528e-422b-bdc1-cb870cb2b908,2cf8587f-9bbe-475e-bdb1-435a6321ce54,2025-11-07 9:30:00,田中,38.7,3.91,0,0,0,0,0,0,0,0,0,0,0,0,0,0,0,0,,2025-11-07 9:30:00,田中
670bda2b-1aec-4d7f-aba2-94f983c1b27c,2cf8587f-9bbe-475e-bdb1-435a6321ce54,2025-11-08 10:45:00,犬山,38.5,3.82,0,0,0,0,0,0,0,0,0,0,0,0,0,0,0,0,,2025-11-08 10:45:00,犬山
5951d22a-6bae-4a64-83db-033491abcdad,2cf8587f-9bbe-475e-bdb1-435a6321ce54,2025-11-09 10:15:00,田中,38.6,3.91,0,0,0,0,0,0,0,0,0,0,0,0,0,0,0,0,,2025-11-09 10:15:00,田中
430a0fe7-5c77-4cec-8f98-d342e56ef151,2cf8587f-9bbe-475e-bdb1-435a6321ce54,2025-11-10 9:15:00,鈴木,38.5,4.01,0,0,0,0,0,0,0,0,0,0,0,0,0,0,0,0,,2025-11-10 9:15:00,鈴木
433278fd-f652-4909-a0ed-301bcf91cd8e,2cf8587f-9bbe-475e-bdb1-435a6321ce54,2025-11-11 9:15:00,犬山,38.3,3.97,0,0,0,0,0,0,0,0,0,0,0,0,0,0,0,0,,2025-11-11 9:15:00,犬山
936f34a6-29f7-45d4-ac45-dbe8137bef48,2cf8587f-9bbe-475e-bdb1-435a6321ce54,2025-11-12 10:30:00,山本,38.4,3.86,0,0,0,0,0,0,0,0,0,0,0,0,0,0,0,0,,2025-11-12 10:30:00,山本
955b83e0-ed2e-457e-b8bc-0f287182b5e7,2cf8587f-9bbe-475e-bdb1-435a6321ce54,2025-11-13 9:45:00,佐藤,38.6,3.93,0,0,0,0,0,0,0,0,0,0,0,0,0,0,0,0,,2025-11-13 9:45:00,佐藤
4f486b2d-f850-4b4e-b1aa-c806a21965e9,2cf8587f-9bbe-475e-bdb1-435a6321ce54,2025-11-14 9:30:00,佐藤,38.5,3.95,0,0,0,0,0,0,0,0,0,0,0,0,0,0,0,0,,2025-11-14 9:30:00,佐藤
03593409-2f37-4a94-95d9-16dd2abc9ae1,40d59594-97dd-4017-9c68-873339ef8346,2025-11-01 9:00:00,鈴木,38.9,3.38,0,0,0,0,0,0,0,0,0,0,0,0,0,0,0,0,,2025-11-01 9:00:00,鈴木
638c28fc-7192-411c-a3b2-8dbe7c390b6c,40d59594-97dd-4017-9c68-873339ef8346,2025-11-02 10:15:00,犬山,38.9,3.44,0,0,0,0,0,0,0,0,0,0,0,0,0,0,0,0,,2025-11-02 10:15:00,犬山
7d0e5d6f-d59c-4f54-a355-64c5e42d9289,40d59594-97dd-4017-9c68-873339ef8346,2025-11-03 10:45:00,鈴木,38.8,3.32,0,0,0,0,0,0,0,0,0,0,0,0,0,0,0,0,,2025-11-03 10:45:00,鈴木
6e820774-e9f3-4eb9-9e02-c07c3e7daf83,40d59594-97dd-4017-9c68-873339ef8346,2025-11-04 10:45:00,鈴木,39.1,3.37,0,0,0,0,0,0,0,0,0,0,0,0,0,0,0,0,,2025-11-04 10:45:00,鈴木
9ed3bff7-4a98-4adf-bb22-73a1e063aebb,40d59594-97dd-4017-9c68-873339ef8346,2025-11-05 10:15:00,犬山,39.4,3.32,1,1,0,0,1,0,0,0,0,0,0,0,0,0,0,0,,2025-11-05 10:15:00,犬山
29da7aff-8106-46cf-88e2-f0e65f1ff2da,40d59594-97dd-4017-9c68-873339ef8346,2025-11-06 9:30:00,佐藤,39.5,3.17,1,1,0,0,2,0,0,1,1,0,0,1,1,0,0,0,,2025-11-06 9:30:00,佐藤
d1e6e78c-fde5-4651-b739-7f765c124140,40d59594-97dd-4017-9c68-873339ef8346,2025-11-07 9:15:00,山本,39.6,3.3,1,1,1,0,0,2,2,1,1,1,1,1,1,1,1,0,,2025-11-07 9:15:00,山本
7b8ecd8d-bae3-464c-b287-4bacdd310b14,40d59594-97dd-4017-9c68-873339ef8346,2025-11-08 10:15:00,佐藤,39.5,3.28,1,0,0,0,2,1,2,1,1,1,0,0,1,0,1,0,,2025-11-08 10:15:00,佐藤
bf3aede4-140f-4316-8ac4-0470d146cc45,40d59594-97dd-4017-9c68-873339ef8346,2025-11-09 10:15:00,山本,39.2,3.26,1,0,1,0,0,0,0,1,0,0,0,0,0,0,0,0,,2025-11-09 10:15:00,山本
bc274c79-b290-4e1f-94ce-5b37ebf1ebfd,40d59594-97dd-4017-9c68-873339ef8346,2025-11-10 10:15:00,犬山,39.1,3.34,0,0,0,0,0,0,0,0,0,0,0,0,0,0,0,0,,2025-11-10 10:15:00,犬山
5c32a70e-343e-479e-9977-ebfbb16f6711,40d59594-97dd-4017-9c68-873339ef8346,2025-11-11 9:45:00,鈴木,39.0,3.32,0,0,0,0,0,0,0,0,0,0,0,0,0,0,0,0,,2025-11-11 9:45:00,鈴木
8858574e-fd4d-4703-bac2-b9eac84e1166,40d59594-97dd-4017-9c68-873339ef8346,2025-11-12 9:15:00,鈴木,38.8,3.32,0,0,0,0,0,0,0,0,0,0,0,0,0,0,0,0,,2025-11-12 9:15:00,鈴木
4a90db86-c1c4-473f-b60d-61817d5f0494,40d59594-97dd-4017-9c68-873339ef8346,2025-11-13 10:15:00,佐藤,38.8,3.37,0,0,0,0,0,0,0,0,0,0,0,0,0,0,0,0,,2025-11-13 10:15:00,佐藤
7b80c10b-789b-44dc-9fbf-90f5ce47f04f,40d59594-97dd-4017-9c68-873339ef8346,2025-11-14 10:15:00,佐藤,38.6,3.4,0,0,0,0,0,0,0,0,0,0,0,0,0,0,0,0,,2025-11-14 10:15:00,佐藤
63b60ffb-0734-4a51-877c-bc976eaed8f1,ee46bce0-0cc6-4f80-844b-ebfb560f0399,2025-11-01 10:00:00,佐藤,38.3,3.58,0,0,0,0,0,0,0,0,0,0,0,0,0,0,0,0,,2025-11-01 10:00:00,佐藤
ad10ba82-3051-4ee2-ade5-5c709cb6a928,ee46bce0-0cc6-4f80-844b-ebfb560f0399,2025-11-02 10:00:00,犬山,38.6,3.59,0,0,0,0,0,0,0,0,0,0,0,0,0,0,0,0,,2025-11-02 10:00:00,犬山
d4c60689-4256-4a59-9292-450864c3e633,ee46bce0-0cc6-4f80-844b-ebfb560f0399,2025-11-03 9:00:00,山本,38.8,3.63,0,0,0,0,0,0,0,0,0,0,0,0,0,0,0,0,,2025-11-03 9:00:00,山本
32509780-0ef4-43aa-b006-f9e917cd2a9e,ee46bce0-0cc6-4f80-844b-ebfb560f0399,2025-11-04 10:00:00,鈴木,38.9,3.61,1,0,0,0,0,0,0,0,0,0,0,0,0,0,0,0,,2025-11-04 10:00:00,鈴木
71e716bd-62f4-4490-8790-2b9666b2b806,ee46bce0-0cc6-4f80-844b-ebfb560f0399,2025-11-05 9:15:00,佐藤,38.8,3.61,0,0,0,0,0,0,0,0,0,0,0,0,0,0,0,0,,2025-11-05 9:15:00,佐藤
1e6b552e-1165-44e5-b097-597f0fa4e54f,ee46bce0-0cc6-4f80-844b-ebfb560f0399,2025-11-06 10:45:00,山本,38.8,3.62,0,0,0,0,0,0,0,0,0,0,0,0,0,0,0,0,,2025-11-06 10:45:00,山本
d3613b22-fec9-4b86-a2a8-0be6d8c3bb19,ee46bce0-0cc6-4f80-844b-ebfb560f0399,2025-11-07 10:00:00,鈴木,38.6,3.58,0,0,0,0,0,0,0,0,0,0,0,0,0,0,0,0,,2025-11-07 10:00:00,鈴木
95bf9bf0-5cd4-4ba2-9eac-d6173af8c9f7,ee46bce0-0cc6-4f80-844b-ebfb560f0399,2025-11-08 9:00:00,田中,38.7,3.59,0,0,0,0,0,0,0,0,0,0,0,0,0,0,0,0,,2025-11-08 9:00:00,田中
d1d79454-fbbd-4866-9e2e-1aa31d0a0d63,ee46bce0-0cc6-4f80-844b-ebfb560f0399,2025-11-09 10:15:00,佐藤,38.6,3.6,0,0,0,0,0,0,0,0,0,0,0,0,0,0,0,0,,2025-11-09 10:15:00,佐藤
02cd5643-0208-4142-b807-3fb11f66b043,ee46bce0-0cc6-4f80-844b-ebfb560f0399,2025-11-10 9:15:00,鈴木,38.5,3.59,0,0,0,0,0,0,0,0,0,0,0,0,0,0,0,0,,2025-11-10 9:15:00,鈴木
9cd42462-68c3-427e-949b-5eb8ada58773,ee46bce0-0cc6-4f80-844b-ebfb560f0399,2025-11-11 10:15:00,鈴木,38.5,3.57,0,0,0,0,0,0,0,0,0,0,0,0,0,0,0,0,,2025-11-11 10:15:00,鈴木
e9a5342e-099a-4aee-9525-b3d0a9c8b1c7,ee46bce0-0cc6-4f80-844b-ebfb560f0399,2025-11-12 10:30:00,犬山,38.6,3.59,0,0,0,0,0,0,0,0,0,0,0,0,0,0,0,0,,2025-11-12 10:30:00,犬山
5c3f73c0-710b-4159-aa80-8a3c8e2b3461,ee46bce0-0cc6-4f80-844b-ebfb560f0399,2025-11-13 9:45:00,田中,38.4,3.64,0,0,0,0,0,0,0,0,0,0,0,0,0,0,0,0,,2025-11-13 9:45:00,田中
c9d92c4d-05cf-4655-bd42-fcb57d03e1b5,ee46bce0-0cc6-4f80-844b-ebfb560f0399,2025-11-14 10:00:00,佐藤,38.4,3.54,0,0,0,0,0,0,0,0,0,0,0,0,0,0,0,0,,2025-11-14 10:00:00,佐藤
45aac0e1-b88b-415a-8d70-87b8f9c65069,a64a1359-6282-4d36-8e9e-bda80551055b,2025-11-01 10:30:00,犬山,38.7,4.49,0,0,0,0,0,0,0,0,0,0,0,0,0,0,0,0,,2025-11-01 10:30:00,犬山
cfded5b2-4a7c-4b5c-b8dd-344ea3275291,a64a1359-6282-4d36-8e9e-bda80551055b,2025-11-02 10:15:00,山本,38.5,4.48,0,0,0,0,0,0,0,0,0,0,0,0,0,0,0,0,,2025-11-02 10:15:00,山本
0eab1195-5d52-4195-9f95-87f976c3b46f,a64a1359-6282-4d36-8e9e-bda80551055b,2025-11-03 9:45:00,犬山,38.6,4.54,0,0,0,0,0,0,0,0,0,0,0,0,0,0,0,0,,2025-11-03 9:45:00,犬山
f027d9bb-6938-4964-82b6-dc5fcbc6d618,a64a1359-6282-4d36-8e9e-bda80551055b,2025-11-04 9:15:00,田中,38.8,4.56,0,0,0,0,0,0,0,0,0,0,0,0,0,0,0,0,,2025-11-04 9:15:00,田中
6891a3e0-b67f-4312-9da3-c66dbc980224,a64a1359-6282-4d36-8e9e-bda80551055b,2025-11-05 10:00:00,山本,39.0,4.48,0,0,0,0,1,0,0,0,0,0,0,0,0,0,0,0,,2025-11-05 10:00:00,山本
098faad1-7a31-492c-9b61-e4945fa9bb64,a64a1359-6282-4d36-8e9e-bda80551055b,2025-11-06 10:45:00,犬山,39.3,4.42,1,0,0,1,0,2,2,0,0,0,0,0,0,0,0,0,,2025-11-06 10:45:00,犬山
59dc915a-403a-45fc-a663-fb8da6f43ee6,a64a1359-6282-4d36-8e9e-bda80551055b,2025-11-07 9:00:00,山本,39.2,4.26,2,1,2,0,3,2,3,1,1,0,0,2,1,0,1,0,,2025-11-07 9:00:00,山本
5ffdb9fe-45a5-46ee-9080-64527307d484,a64a1359-6282-4d36-8e9e-bda80551055b,2025-11-08 9:30:00,田中,39.9,4.12,1,3,2,0,3,3,3,2,2,1,1,3,3,1,1,0,,2025-11-08 9:30:00,田中
66d4d21d-3732-424c-b1d2-6b04b9d80dba,a64a1359-6282-4d36-8e9e-bda80551055b,2025-11-09 9:45:00,田中,39.8,4.14,2,2,2,0,3,4,4,2,2,2,2,3,2,2,2,0,,2025-11-09 9:45:00,田中
4a8a52a6-6a94-40e3-9c3b-31c08fd7560b,a64a1359-6282-4d36-8e9e-bda80551055b,2025-11-10 9:00:00,山本,40.2,4.3,1,2,1,1,3,3,3,2,2,1,1,2,2,1,1,0,,2025-11-10 9:00:00,山本
99874e33-b260-4009-ba7e-22e690bf87de,a64a1359-6282-4d36-8e9e-bda80551055b,2025-11-11 10:00:00,田中,40.0,4.38,1,1,1,0,1,2,2,1,1,0,1,1,1,1,1,1,,2025-11-11 10:00:00,田中
6334dcc8-b809-4ff0-9131-8777d9a4af95,a64a1359-6282-4d36-8e9e-bda80551055b,2025-11-12 9:15:00,田中,39.2,4.39,1,1,1,0,0,2,2,1,1,0,0,1,1,0,1,0,,2025-11-12 9:15:00,田中
352ce9d7-8bba-4570-8098-535f82d3d6ea,a64a1359-6282-4d36-8e9e-bda80551055b,2025-11-13 9:00:00,山本,39.0,4.5,0,0,0,0,0,0,0,0,0,0,0,0,0,0,0,0,,2025-11-13 9:00:00,山本
1e465337-f07f-4d34-baba-ea32a34d9c3e,a64a1359-6282-4d36-8e9e-bda80551055b,2025-11-14 10:15:00,山本,39.0,4.65,0,0,0,0,0,0,0,0,0,0,0,0,0,0,0,0,,2025-11-14 10:15:00,山本
f85f1ba3-87ca-4eea-912f-580153be9cba,bae370bf-b494-46e6-a0d3-0437f51766a3,2025-11-01 9:30:00,佐藤,38.2,3.67,0,0,0,0,0,0,0,0,0,0,0,0,0,0,0,0,,2025-11-01 9:30:00,佐藤
5dbe3eb7-c99f-43de-bed9-a0c1981b3afc,bae370bf-b494-46e6-a0d3-0437f51766a3,2025-11-02 9:45:00,鈴木,38.2,3.75,0,0,0,0,0,0,0,0,0,0,0,0,0,0,0,0,,2025-11-02 9:45:00,鈴木
f2382370-de7a-4346-abde-f314aa042ee1,bae370bf-b494-46e6-a0d3-0437f51766a3,2025-11-03 10:15:00,佐藤,38.5,3.53,1,0,0,0,0,0,1,0,0,0,0,0,0,0,0,0,,2025-11-03 10:15:00,佐藤
1a9d90d7-69e9-4d2a-a5c9-6680d4dc6b42,bae370bf-b494-46e6-a0d3-0437f51766a3,2025-11-04 9:15:00,佐藤,38.7,3.74,1,1,0,0,0,0,0,0,0,0,0,0,0,0,0,0,,2025-11-04 9:15:00,佐藤
bfad99a0-667f-46e2-ba17-264069ee9981,bae370bf-b494-46e6-a0d3-0437f51766a3,2025-11-05 9:15:00,田中,39.5,3.43,1,1,1,0,2,3,3,1,1,0,0,1,1,0,0,0,,2025-11-05 9:15:00,田中
165a0305-2db3-48ac-8d24-c05c113009a6,bae370bf-b494-46e6-a0d3-0437f51766a3,2025-11-06 10:45:00,田中,39.1,3.44,1,1,2,1,2,3,3,1,1,1,1,2,2,1,1,0,,2025-11-06 10:45:00,田中
866c94a6-a326-4924-8549-e48c84235fbf,bae370bf-b494-46e6-a0d3-0437f51766a3,2025-11-07 9:15:00,山本,39.3,3.62,2,1,2,1,3,4,4,1,1,1,1,2,2,2,1,0,,2025-11-07 9:15:00,山本
44e40f69-3c8b-4999-9fd0-ada2ae41ec3e,bae370bf-b494-46e6-a0d3-0437f51766a3,2025-11-08 10:45:00,田中,39.2,3.43,1,2,2,0,1,1,4,1,1,0,0,2,2,0,1,0,,2025-11-08 10:45:00,田中
f12cb64e-c9e3-4afb-a288-82602a9c33d5,bae370bf-b494-46e6-a0d3-0437f51766a3,2025-11-09 9:45:00,山本,39.2,3.51,1,2,1,0,2,3,3,1,1,0,0,1,1,0,1,0,,2025-11-09 9:45:00,山本
b6b41589-eada-4782-8b16-a338122b9024,bae370bf-b494-46e6-a0d3-0437f51766a3,2025-11-10 9:00:00,鈴木,38.7,3.56,1,1,0,0,1,0,0,0,0,0,0,0,0,0,0,0,,2025-11-10 9:00:00,鈴木
8faf4ccf-0e22-4fda-914c-0d00848c9b2f,bae370bf-b494-46e6-a0d3-0437f51766a3,2025-11-11 9:15:00,鈴木,38.7,3.65,1,0,0,0,0,0,0,0,0,0,0,0,0,0,0,0,,2025-11-11 9:15:00,鈴木
703ff2b8-e834-467d-a4ec-fcb6f35fc87f,bae370bf-b494-46e6-a0d3-0437f51766a3,2025-11-12 10:30:00,鈴木,38.3,3.69,0,0,0,0,0,0,0,0,0,0,0,0,0,0,0,0,,2025-11-12 10:30:00,鈴木
c2fbaafd-8f89-485c-8c9b-19bfbd332c7f,bae370bf-b494-46e6-a0d3-0437f51766a3,2025-11-13 9:30:00,山本,38.4,3.51,0,0,0,0,0,0,0,0,0,0,0,0,0,0,0,0,,2025-11-13 9:30:00,山本
61966e63-1beb-4418-a623-a83d3bd6cae4,bae370bf-b494-46e6-a0d3-0437f51766a3,2025-11-14 10:30:00,鈴木,38.4,3.62,0,0,0,0,0,0,0,0,0,0,0,0,0,0,0,0,,2025-11-14 10:30:00,鈴木
e4392d69-377b-4534-a9f8-aaab899da0d9,86e43c90-29b9-4e5a-ba5f-a954d25a9e94,2025-11-01 10:15:00,鈴木,38.5,3.73,0,0,0,0,0,0,0,0,0,0,0,0,0,0,0,0,,2025-11-01 10:15:00,鈴木
50c4003b-691a-4121-bcaf-f4fd7e485dff,86e43c90-29b9-4e5a-ba5f-a954d25a9e94,2025-11-02 10:00:00,鈴木,38.5,3.66,0,0,0,0,0,0,0,0,0,0,0,0,0,0,0,0,,2025-11-02 10:00:00,鈴木
474f2ba7-12ff-46eb-9ec6-1c960c0b0ed7,86e43c90-29b9-4e5a-ba5f-a954d25a9e94,2025-11-03 10:15:00,山本,39.0,3.62,1,1,1,0,0,0,0,0,0,0,0,0,0,0,0,0,,2025-11-03 10:15:00,山本
2a59ecbe-3d4c-4b04-9359-8ac9d92e6ef1,86e43c90-29b9-4e5a-ba5f-a954d25a9e94,2025-11-04 9:30:00,犬山,39.5,3.55,1,1,0,0,1,3,3,1,1,0,0,1,1,0,0,0,,2025-11-04 9:30:00,犬山
ca7e1ac9-bc47-4e6c-8263-16997f1fa9f1,86e43c90-29b9-4e5a-ba5f-a954d25a9e94,2025-11-05 9:30:00,犬山,39.9,3.5,2,2,1,0,3,2,2,1,1,0,1,1,1,1,1,0,,2025-11-05 9:30:00,犬山
6bd52343-b735-4378-9eda-15c2ea5ee2f3,86e43c90-29b9-4e5a-ba5f-a954d25a9e94,2025-11-06 10:45:00,鈴木,39.7,3.61,2,2,1,0,3,2,2,1,1,1,1,1,1,1,1,0,,2025-11-06 10:45:00,鈴木
28aef783-8a74-4091-84ed-c796f725bb54,86e43c90-29b9-4e5a-ba5f-a954d25a9e94,2025-11-07 10:30:00,犬山,39.7,3.49,1,2,2,1,2,2,2,1,1,1,1,1,1,1,1,0,,2025-11-07 10:30:00,犬山
c0bebed6-f630-453b-ba57-ed3caf026fa4,86e43c90-29b9-4e5a-ba5f-a954d25a9e94,2025-11-08 9:45:00,佐藤,39.6,3.54,0,1,1,0,1,0,0,1,1,1,1,2,1,1,1,0,,2025-11-08 9:45:00,佐藤
5efd64f7-ef5c-49c2-b7f5-ff019b9ce3a2,86e43c90-29b9-4e5a-ba5f-a954d25a9e94,2025-11-09 9:15:00,山本,39.1,3.59,1,0,0,0,0,0,0,1,1,0,0,1,1,0,1,0,,2025-11-09 9:15:00,山本
20bdef81-f358-4a61-903c-f9bffd1e92b0,86e43c90-29b9-4e5a-ba5f-a954d25a9e94,2025-11-10 10:30:00,田中,38.8,3.51,0,0,0,0,0,0,0,0,0,0,0,0,0,0,0,0,,2025-11-10 10:30:00,田中
806e15ac-3ce0-4bf7-ba22-b3a205f68c24,86e43c90-29b9-4e5a-ba5f-a954d25a9e94,2025-11-11 10:00:00,山本,38.7,3.62,0,0,0,0,0,0,0,0,0,0,0,0,0,0,0,0,,2025-11-11 10:00:00,山本
fd260425-b03e-442d-96a9-ba2e4c36c77a,86e43c90-29b9-4e5a-ba5f-a954d25a9e94,2025-11-12 10:45:00,佐藤,38.6,3.68,0,0,0,0,0,0,0,0,0,0,0,0,0,0,0,0,,2025-11-12 10:45:00,佐藤
8effe11e-b073-4bd0-b145-69b4589f8c49,86e43c90-29b9-4e5a-ba5f-a954d25a9e94,2025-11-13 10:30:00,佐藤,38.7,3.67,0,0,0,0,0,0,0,0,0,0,0,0,0,0,0,0,,2025-11-13 10:30:00,佐藤
797e3dbf-48c7-4b30-8a54-c53d5a759799,86e43c90-29b9-4e5a-ba5f-a954d25a9e94,2025-11-14 9:45:00,田中,38.7,3.67,0,0,0,0,0,0,0,0,0,0,0,0,0,0,0,0,,2025-11-14 9:45:00,田中
b47e8572-0547-4bd0-9063-8529441d10a9,6d547ca2-2993-45de-88e3-2eae6d823d22,2025-11-01 9:15:00,鈴木,38.4,3.48,0,0,0,0,0,0,0,0,0,0,0,0,0,0,0,0,,2025-11-01 9:15:00,鈴木
832d7e9d-b21e-4906-8b0f-e88a8de08fe2,6d547ca2-2993-45de-88e3-2eae6d823d22,2025-11-02 9:00:00,田中,38.6,3.53,0,0,0,0,0,0,0,0,0,0,0,0,0,0,0,0,,2025-11-02 9:00:00,田中
e4af761a-6fc9-4570-a4a6-16324cc32ef1,6d547ca2-2993-45de-88e3-2eae6d823d22,2025-11-03 9:45:00,犬山,39.0,3.35,1,1,0,0,1,0,0,0,0,0,0,0,0,0,0,0,,2025-11-03 9:45:00,犬山
f465104c-54d6-4be6-9d19-025e08bd24db,6d547ca2-2993-45de-88e3-2eae6d823d22,2025-11-04 9:15:00,山本,39.3,3.41,2,1,1,0,1,2,2,1,1,0,0,1,1,0,0,0,,2025-11-04 9:15:00,山本
69236abe-d27c-48a8-b257-8b70f88c0a0e,6d547ca2-2993-45de-88e3-2eae6d823d22,2025-11-05 9:30:00,山本,39.5,3.35,1,2,1,1,1,2,2,1,1,1,1,2,2,1,1,0,,2025-11-05 9:30:00,山本
a947542a-c276-44ef-b90c-27d9e4ad77eb,6d547ca2-2993-45de-88e3-2eae6d823d22,2025-11-06 10:00:00,鈴木,39.8,3.35,1,2,2,1,1,3,3,1,1,1,1,2,2,1,1,0,,2025-11-06 10:00:00,鈴木
a29736a4-8250-423a-8482-1e795de07f77,6d547ca2-2993-45de-88e3-2eae6d823d22,2025-11-07 9:15:00,山本,39.3,3.29,2,1,1,0,2,3,3,1,1,1,1,1,1,1,1,0,,2025-11-07 9:15:00,山本
3358b5cb-e75f-4898-aab8-49175b85f8d7,6d547ca2-2993-45de-88e3-2eae6d823d22,2025-11-08 9:30:00,田中,39.3,3.26,1,0,1,0,2,1,1,0,0,1,0,1,1,1,1,0,,2025-11-08 9:30:00,田中
b5d55b57-4335-4a34-8ccc-583788d57ef3,6d547ca2-2993-45de-88e3-2eae6d823d22,2025-11-09 9:45:00,山本,39.0,3.45,1,1,0,0,0,1,1,0,0,1,0,1,1,0,1,0,,2025-11-09 9:45:00,山本
39ac532e-8d5d-44e1-9784-3af9995e6790,6d547ca2-2993-45de-88e3-2eae6d823d22,2025-11-10 10:15:00,鈴木,38.9,3.51,0,0,0,0,0,0,0,0,0,0,0,0,0,0,0,0,,2025-11-10 10:15:00,鈴木
ef9b210c-7527-47d4-8daa-c38ef956d5d0,6d547ca2-2993-45de-88e3-2eae6d823d22,2025-11-11 9:15:00,犬山,38.5,3.45,0,0,0,0,0,0,0,0,0,0,0,0,0,0,0,0,,2025-11-11 9:15:00,犬山
8ddeca91-8537-4429-888d-3544575bae1a,6d547ca2-2993-45de-88e3-2eae6d823d22,2025-11-12 10:00:00,田中,38.6,3.49,0,0,0,0,0,0,0,0,0,0,0,0,0,0,0,0,,2025-11-12 10:00:00,田中
7c63f5d6-7b15-435f-adcb-f8a88f4afc84,6d547ca2-2993-45de-88e3-2eae6d823d22,2025-11-13 9:45:00,田中,38.2,3.46,0,0,0,0,0,0,0,0,0,0,0,0,0,0,0,0,,2025-11-13 9:45:00,田中
70aa5f7a-001f-4602-b5cb-ad66e0676b6b,6d547ca2-2993-45de-88e3-2eae6d823d22,2025-11-14 10:00:00,佐藤,38.5,3.5,0,0,0,0,0,0,0,0,0,0,0,0,0,0,0,0,,2025-11-14 10:00:00,佐藤
